label,address,file,line,source_label,source_repo
SNES,$7E:2100,Core/hardware.asm,37,SNES,oracle-of-secrets
SNES.ScreenDisplay,$7E:2100,Core/hardware.asm,39,SNES.ScreenDisplay,oracle-of-secrets
SNES.OAMSizeAndDataDes,$7E:2101,Core/hardware.asm,40,SNES.OAMSizeAndDataDes,oracle-of-secrets
SNES.OAMAccessAddr,$7E:2102,Core/hardware.asm,41,SNES.OAMAccessAddr,oracle-of-secrets
SNES.OMADataWrite,$7E:2104,Core/hardware.asm,42,SNES.OMADataWrite,oracle-of-secrets
SNES.BGModeAndTileSize,$7E:2105,Core/hardware.asm,43,SNES.BGModeAndTileSize,oracle-of-secrets
SNES.MosaicAndBGEnable,$7E:2106,Core/hardware.asm,44,SNES.MosaicAndBGEnable,oracle-of-secrets
SNES.BG1AddrAndSize,$7E:2107,Core/hardware.asm,46,SNES.BG1AddrAndSize,oracle-of-secrets
SNES.BG2AddrAndSize,$7E:2108,Core/hardware.asm,47,SNES.BG2AddrAndSize,oracle-of-secrets
SNES.BG3AddrAndSize,$7E:2109,Core/hardware.asm,48,SNES.BG3AddrAndSize,oracle-of-secrets
SNES.BG4AddrAndSize,$7E:210A,Core/hardware.asm,49,SNES.BG4AddrAndSize,oracle-of-secrets
SNES.BG1And2TileDataDes,$7E:210B,Core/hardware.asm,51,SNES.BG1And2TileDataDes,oracle-of-secrets
SNES.BG3And4TileDataDes,$7E:210C,Core/hardware.asm,52,SNES.BG3And4TileDataDes,oracle-of-secrets
SNES.BG1HScrollOffset,$7E:210D,Core/hardware.asm,54,SNES.BG1HScrollOffset,oracle-of-secrets
SNES.BG1VScrollOffset,$7E:210E,Core/hardware.asm,55,SNES.BG1VScrollOffset,oracle-of-secrets
SNES.BG2HScrollOffset,$7E:210F,Core/hardware.asm,56,SNES.BG2HScrollOffset,oracle-of-secrets
SNES.BG2VScrollOffset,$7E:2110,Core/hardware.asm,57,SNES.BG2VScrollOffset,oracle-of-secrets
SNES.BG3HScrollOffset,$7E:2111,Core/hardware.asm,58,SNES.BG3HScrollOffset,oracle-of-secrets
SNES.BG3VScrollOffset,$7E:2112,Core/hardware.asm,59,SNES.BG3VScrollOffset,oracle-of-secrets
SNES.BG4HScrollOffset,$7E:2113,Core/hardware.asm,60,SNES.BG4HScrollOffset,oracle-of-secrets
SNES.BG4VScrollOffset,$7E:2114,Core/hardware.asm,61,SNES.BG4VScrollOffset,oracle-of-secrets
SNES.VRAMAddrIncrementVal,$7E:2115,Core/hardware.asm,63,SNES.VRAMAddrIncrementVal,oracle-of-secrets
SNES.VRAMAddrReadWriteLow,$7E:2116,Core/hardware.asm,64,SNES.VRAMAddrReadWriteLow,oracle-of-secrets
SNES.VRAMAddrReadWriteHigh,$7E:2117,Core/hardware.asm,65,SNES.VRAMAddrReadWriteHigh,oracle-of-secrets
SNES.VRAMDataWriteLow,$7E:2118,Core/hardware.asm,66,SNES.VRAMDataWriteLow,oracle-of-secrets
SNES.VRAMDataWriteHigh,$7E:2119,Core/hardware.asm,67,SNES.VRAMDataWriteHigh,oracle-of-secrets
SNES.IndirectWorkRAMPort,$00:2180,Core/hardware.asm,123,SNES.IndirectWorkRAMPort,oracle-of-secrets
SNES.IndirectWorkRAMAddrLow,$00:2181,Core/hardware.asm,124,SNES.IndirectWorkRAMAddrLow,oracle-of-secrets
SNES.IndirectWorkRAMAddrMid,$00:2182,Core/hardware.asm,125,SNES.IndirectWorkRAMAddrMid,oracle-of-secrets
SNES.IndirectWorkRAMAddrHigh,$00:2183,Core/hardware.asm,126,SNES.IndirectWorkRAMAddrHigh,oracle-of-secrets
SNES.NMIVHCountJoypadEnable,$00:4200,Core/hardware.asm,129,SNES.NMIVHCountJoypadEnable,oracle-of-secrets
SNES.ProgrammableIOPortOut,$00:4201,Core/hardware.asm,130,SNES.ProgrammableIOPortOut,oracle-of-secrets
SNES.MultiplicandA,$00:4202,Core/hardware.asm,131,SNES.MultiplicandA,oracle-of-secrets
SNES.MultiplierB,$00:4203,Core/hardware.asm,132,SNES.MultiplierB,oracle-of-secrets
SNES.DividendLow,$00:4204,Core/hardware.asm,133,SNES.DividendLow,oracle-of-secrets
SNES.DividendHigh,$00:4205,Core/hardware.asm,134,SNES.DividendHigh,oracle-of-secrets
SNES.DivisorB,$00:4206,Core/hardware.asm,135,SNES.DivisorB,oracle-of-secrets
SNES.HCountTimer,$00:4207,Core/hardware.asm,136,SNES.HCountTimer,oracle-of-secrets
SNES.VCountTImer,$00:4209,Core/hardware.asm,138,SNES.VCountTImer,oracle-of-secrets
SNES.DMAChannelEnable,$00:420B,Core/hardware.asm,141,SNES.DMAChannelEnable,oracle-of-secrets
SNES.HDMAChannelEnable,$00:420C,Core/hardware.asm,142,SNES.HDMAChannelEnable,oracle-of-secrets
SNES.CycleSpeedDes,$00:420D,Core/hardware.asm,143,SNES.CycleSpeedDes,oracle-of-secrets
SNES.NMIFlagAndCPUVersionNum,$00:4210,Core/hardware.asm,146,SNES.NMIFlagAndCPUVersionNum,oracle-of-secrets
SNES.IRQFlagByHVCountTimer,$00:4211,Core/hardware.asm,147,SNES.IRQFlagByHVCountTimer,oracle-of-secrets
SNES.HVBlankFlagsAndJoyStatus,$00:4212,Core/hardware.asm,148,SNES.HVBlankFlagsAndJoyStatus,oracle-of-secrets
SNES.ProgrammableIOPortIn,$00:4213,Core/hardware.asm,149,SNES.ProgrammableIOPortIn,oracle-of-secrets
SNES.DivideResultQuotientLow,$00:4214,Core/hardware.asm,150,SNES.DivideResultQuotientLow,oracle-of-secrets
SNES.DivideResultQuotientHigh,$00:4215,Core/hardware.asm,151,SNES.DivideResultQuotientHigh,oracle-of-secrets
SNES.RemainderResultLow,$00:4216,Core/hardware.asm,152,SNES.RemainderResultLow,oracle-of-secrets
SNES.RemainderResultHigh,$00:4217,Core/hardware.asm,153,SNES.RemainderResultHigh,oracle-of-secrets
SNES.JoyPad1DataLow,$00:4218,Core/hardware.asm,155,SNES.JoyPad1DataLow,oracle-of-secrets
SNES.JoyPad2DataLow,$00:421A,Core/hardware.asm,156,SNES.JoyPad2DataLow,oracle-of-secrets
SNES.JoyPad3DataLow,$00:421C,Core/hardware.asm,157,SNES.JoyPad3DataLow,oracle-of-secrets
SNES.JoyPad4DataLow,$00:421E,Core/hardware.asm,158,SNES.JoyPad4DataLow,oracle-of-secrets
SNES.JoyPad1DataHigh,$00:4219,Core/hardware.asm,159,SNES.JoyPad1DataHigh,oracle-of-secrets
SNES.JoyPad2DataHigh,$00:421B,Core/hardware.asm,160,SNES.JoyPad2DataHigh,oracle-of-secrets
SNES.JoyPad3DataHigh,$00:421D,Core/hardware.asm,161,SNES.JoyPad3DataHigh,oracle-of-secrets
SNES.JoyPad4DataHigh,$00:421F,Core/hardware.asm,162,SNES.JoyPad4DataHigh,oracle-of-secrets
DMA,$7E:4300,Core/hardware.asm,166,DMA,oracle-of-secrets
Oracle_MessageExpand,$2F:8000,Core/message.asm,28,MessageExpand,oracle-of-secrets
Oracle_MessageExpandedData,$2F:8026,Core/message.asm,42,MessageExpandedData,oracle-of-secrets
Oracle_Message_18D,$2F:8026,Core/message.asm,43,Message_18D,oracle-of-secrets
Oracle_Message_18E,$2F:80CC,Core/message.asm,45,Message_18E,oracle-of-secrets
Oracle_Message_18F,$2F:8126,Core/message.asm,47,Message_18F,oracle-of-secrets
Oracle_Message_190,$2F:8191,Core/message.asm,49,Message_190,oracle-of-secrets
Oracle_Message_191,$2F:81E9,Core/message.asm,51,Message_191,oracle-of-secrets
Oracle_Message_192,$2F:82D0,Core/message.asm,53,Message_192,oracle-of-secrets
Oracle_Message_193,$2F:8377,Core/message.asm,55,Message_193,oracle-of-secrets
Oracle_Message_194,$2F:841C,Core/message.asm,57,Message_194,oracle-of-secrets
Oracle_Message_195,$2F:84DD,Core/message.asm,59,Message_195,oracle-of-secrets
Oracle_Message_196,$2F:85C2,Core/message.asm,61,Message_196,oracle-of-secrets
Oracle_Message_197,$2F:868A,Core/message.asm,63,Message_197,oracle-of-secrets
Oracle_Message_198,$2F:8723,Core/message.asm,65,Message_198,oracle-of-secrets
Oracle_Message_199,$2F:87A7,Core/message.asm,67,Message_199,oracle-of-secrets
Oracle_Message_19A,$2F:8832,Core/message.asm,69,Message_19A,oracle-of-secrets
Oracle_Message_19B,$2F:88DE,Core/message.asm,71,Message_19B,oracle-of-secrets
Oracle_Message_19C,$2F:8977,Core/message.asm,73,Message_19C,oracle-of-secrets
Oracle_Message_19D,$2F:8A14,Core/message.asm,75,Message_19D,oracle-of-secrets
Oracle_Message_19E,$2F:8ACB,Core/message.asm,77,Message_19E,oracle-of-secrets
Oracle_Message_19F,$2F:8B72,Core/message.asm,79,Message_19F,oracle-of-secrets
Oracle_Message_1A0,$2F:8C2E,Core/message.asm,81,Message_1A0,oracle-of-secrets
Oracle_Message_1A1,$2F:8CCA,Core/message.asm,83,Message_1A1,oracle-of-secrets
Oracle_Message_1A2,$2F:8D27,Core/message.asm,85,Message_1A2,oracle-of-secrets
Oracle_Message_1A3,$2F:8D83,Core/message.asm,87,Message_1A3,oracle-of-secrets
Oracle_Message_1A4,$2F:8DC3,Core/message.asm,89,Message_1A4,oracle-of-secrets
Oracle_Message_1A5,$2F:8E4B,Core/message.asm,91,Message_1A5,oracle-of-secrets
Oracle_Message_1A6,$2F:8F07,Core/message.asm,93,Message_1A6,oracle-of-secrets
Oracle_Message_1A7,$2F:8F9B,Core/message.asm,95,Message_1A7,oracle-of-secrets
Oracle_Message_1A8,$2F:9045,Core/message.asm,97,Message_1A8,oracle-of-secrets
Oracle_Message_1A9,$2F:90BA,Core/message.asm,99,Message_1A9,oracle-of-secrets
Oracle_Message_1AA,$2F:9160,Core/message.asm,101,Message_1AA,oracle-of-secrets
Oracle_Message_1AB,$2F:924B,Core/message.asm,103,Message_1AB,oracle-of-secrets
Oracle_Message_1AC,$2F:9328,Core/message.asm,105,Message_1AC,oracle-of-secrets
Oracle_Message_1AD,$2F:93FD,Core/message.asm,107,Message_1AD,oracle-of-secrets
Oracle_Message_1AE,$2F:94FD,Core/message.asm,109,Message_1AE,oracle-of-secrets
Oracle_Message_1AF,$2F:95C4,Core/message.asm,111,Message_1AF,oracle-of-secrets
Oracle_Message_1B0,$2F:9714,Core/message.asm,113,Message_1B0,oracle-of-secrets
Oracle_Message_1B1,$2F:97C9,Core/message.asm,115,Message_1B1,oracle-of-secrets
Oracle_Message_1B2,$2F:988E,Core/message.asm,117,Message_1B2,oracle-of-secrets
Oracle_Message_1B3,$2F:9931,Core/message.asm,119,Message_1B3,oracle-of-secrets
Oracle_Message_1B4,$2F:9A3A,Core/message.asm,121,Message_1B4,oracle-of-secrets
Oracle_Message_1B5,$2F:9B18,Core/message.asm,123,Message_1B5,oracle-of-secrets
Oracle_Message_1B6,$2F:9BE6,Core/message.asm,125,Message_1B6,oracle-of-secrets
Oracle_Message_1B7,$2F:9C5D,Core/message.asm,127,Message_1B7,oracle-of-secrets
Oracle_Message_1B8,$2F:9CEA,Core/message.asm,129,Message_1B8,oracle-of-secrets
Oracle_Message_1B9,$2F:9E91,Core/message.asm,131,Message_1B9,oracle-of-secrets
Oracle_Message_1BA,$2F:9F4F,Core/message.asm,133,Message_1BA,oracle-of-secrets
Oracle_Message_1BB,$2F:A007,Core/message.asm,135,Message_1BB,oracle-of-secrets
Oracle_Message_1BC,$2F:A0B9,Core/message.asm,143,Message_1BC,oracle-of-secrets
Oracle_Message_1BD,$2F:A0BD,Core/message.asm,145,Message_1BD,oracle-of-secrets
Oracle_Message_1BE,$2F:A0C1,Core/message.asm,147,Message_1BE,oracle-of-secrets
Oracle_Message_1BF,$2F:A0C5,Core/message.asm,149,Message_1BF,oracle-of-secrets
Oracle_Message_1C0,$2F:A0C9,Core/message.asm,151,Message_1C0,oracle-of-secrets
Oracle_Message_1C1,$2F:A0CD,Core/message.asm,153,Message_1C1,oracle-of-secrets
Oracle_Message_1C2,$2F:A0D1,Core/message.asm,155,Message_1C2,oracle-of-secrets
Oracle_Message_1C3,$2F:A0D5,Core/message.asm,157,Message_1C3,oracle-of-secrets
Oracle_Message_1C4,$2F:A0D9,Core/message.asm,159,Message_1C4,oracle-of-secrets
Oracle_Message_1C5,$2F:A0DD,Core/message.asm,175,Message_1C5,oracle-of-secrets
Oracle_Message_1C6,$2F:A15D,Core/message.asm,194,Message_1C6,oracle-of-secrets
Oracle_Message_1C7,$2F:A205,Core/message.asm,215,Message_1C7,oracle-of-secrets
Oracle_Message_1C8,$2F:A2C3,Core/message.asm,233,Message_1C8,oracle-of-secrets
Oracle_Message_1C9,$2F:A2C7,Core/message.asm,235,Message_1C9,oracle-of-secrets
Oracle_Message_1CA,$2F:A2CB,Core/message.asm,244,Message_1CA,oracle-of-secrets
Oracle_Message_1CB,$2F:A3AD,Core/message.asm,265,Message_1CB,oracle-of-secrets
Oracle_Message_1CC,$2F:A3B1,Core/message.asm,270,Message_1CC,oracle-of-secrets
Oracle_Message_1CD,$2F:A3B5,Core/message.asm,272,Message_1CD,oracle-of-secrets
Oracle_Message_1CE,$2F:A3B9,Core/message.asm,274,Message_1CE,oracle-of-secrets
Oracle_Message_1CF,$2F:A3BD,Core/message.asm,276,Message_1CF,oracle-of-secrets
Oracle_Message_1D0,$2F:A3C1,Core/message.asm,278,Message_1D0,oracle-of-secrets
Oracle_Message_1D1,$2F:A3C5,Core/message.asm,280,Message_1D1,oracle-of-secrets
Oracle_JumpTableLocal_Guard,$2C:FF00,Core/patches.asm,23,JumpTableLocal_Guard,oracle-of-secrets
Oracle_ShopItem_Banana,$1E:F27D,Core/patches.asm,91,ShopItem_Banana,oracle-of-secrets
Oracle_SpriteDraw_RunningBoy,$05:E9CD,Core/patches.asm,170,SpriteDraw_RunningBoy,oracle-of-secrets
Oracle_GetCrystalCount,$2F:A3CA,Core/progression.asm,67,GetCrystalCount,oracle-of-secrets
Oracle_UpdateMapIcon,$2F:A3E7,Core/progression.asm,126,UpdateMapIcon,oracle-of-secrets
Oracle_SelectReactionMessage,$2F:A3F5,Core/progression.asm,187,SelectReactionMessage,oracle-of-secrets
Oracle_Sprite_CheckActive,$31:8000,Core/sprite_functions.asm,5,Sprite_CheckActive,oracle-of-secrets
Oracle_Sprite_MoveHoriz,$31:801E,Core/sprite_functions.asm,22,Sprite_MoveHoriz,oracle-of-secrets
Oracle_Sprite_MoveXyz,$31:804C,Core/sprite_functions.asm,38,Sprite_MoveXyz,oracle-of-secrets
Oracle_Sprite_Move,$31:8050,Core/sprite_functions.asm,40,Sprite_Move,oracle-of-secrets
Oracle_Sprite_MoveVert,$31:8054,Core/sprite_functions.asm,44,Sprite_MoveVert,oracle-of-secrets
Oracle_Sprite_MoveZ,$31:8082,Core/sprite_functions.asm,64,Sprite_MoveZ,oracle-of-secrets
Oracle_Sprite_MoveAltitude,$31:8082,Core/sprite_functions.asm,65,Sprite_MoveAltitude,oracle-of-secrets
Oracle_Sprite_BounceTowardPlayer,$31:80A4,Core/sprite_functions.asm,80,Sprite_BounceTowardPlayer,oracle-of-secrets
Oracle_Sprite_FloatTowardPlayer,$31:80CB,Core/sprite_functions.asm,98,Sprite_FloatTowardPlayer,oracle-of-secrets
Oracle_Sprite_FloatAwayFromPlayer,$31:80DC,Core/sprite_functions.asm,107,Sprite_FloatAwayFromPlayer,oracle-of-secrets
Oracle_Sprite_BounceFromTileCollision,$31:80E9,Core/sprite_functions.asm,115,Sprite_BounceFromTileCollision,oracle-of-secrets
Oracle_Sprite_InvertSpeed_XY,$31:810B,Core/sprite_functions.asm,126,Sprite_InvertSpeed_XY,oracle-of-secrets
Oracle_Sprite_InvertSpeed_X,$31:810F,Core/sprite_functions.asm,129,Sprite_InvertSpeed_X,oracle-of-secrets
Oracle_Sprite_InvertSpeed_Y,$31:8119,Core/sprite_functions.asm,135,Sprite_InvertSpeed_Y,oracle-of-secrets
Oracle_UpdateCachedCoords,$31:8123,Core/sprite_functions.asm,141,UpdateCachedCoords,oracle-of-secrets
Oracle_RoundCoords,$31:813C,Core/sprite_functions.asm,150,RoundCoords,oracle-of-secrets
Oracle_Sprite_SelectNewDirection,$31:8158,Core/sprite_functions.asm,164,Sprite_SelectNewDirection,oracle-of-secrets
Oracle_Sprite_SpawnProbeWithCooldown,$31:818E,Core/sprite_functions.asm,199,Sprite_SpawnProbeWithCooldown,oracle-of-secrets
Oracle_Sprite_CheckProbeDetection,$31:81BD,Core/sprite_functions.asm,236,Sprite_CheckProbeDetection,oracle-of-secrets
Oracle_Sprite_SendOutProbe,$31:81C6,Core/sprite_functions.asm,253,Sprite_SendOutProbe,oracle-of-secrets
Oracle_DragPlayer,$31:8207,Core/sprite_functions.asm,286,DragPlayer,oracle-of-secrets
Oracle_Sprite_DamageFlash_Long,$31:826C,Core/sprite_functions.asm,343,Sprite_DamageFlash_Long,oracle-of-secrets
Oracle_Sprite_Damage_Flash,$31:8274,Core/sprite_functions.asm,351,Sprite_Damage_Flash,oracle-of-secrets
Oracle_Sprite_CheckCollisionWithSprite,$31:828C,Core/sprite_functions.asm,369,Sprite_CheckCollisionWithSprite,oracle-of-secrets
Oracle_Sprite_CheckForPresence,$31:82AD,Core/sprite_functions.asm,387,Sprite_CheckForPresence,oracle-of-secrets
Oracle_Sprite_CountActiveById,$31:82CE,Core/sprite_functions.asm,413,Sprite_CountActiveById,oracle-of-secrets
Oracle_Link_CheckNewY_ButtonPress_Long,$31:82E3,Core/sprite_functions.asm,430,Link_CheckNewY_ButtonPress_Long,oracle-of-secrets
Oracle_Link_SetupHitBox,$31:82F7,Core/sprite_functions.asm,445,Link_SetupHitBox,oracle-of-secrets
Oracle_Sprite_SetupHitBox,$31:8317,Core/sprite_functions.asm,455,Sprite_SetupHitBox,oracle-of-secrets
Oracle_Sprite_ApplySpeedTowardsPlayerXOrY,$31:846F,Core/sprite_functions.asm,719,Sprite_ApplySpeedTowardsPlayerXOrY,oracle-of-secrets
Oracle_GetDistance8bit_Long,$31:8541,Core/sprite_functions.asm,799,GetDistance8bit_Long,oracle-of-secrets
Oracle_Sprite_CheckIfRecoiling,$31:8571,Core/sprite_functions.asm,820,Sprite_CheckIfRecoiling,oracle-of-secrets
Oracle_TrinexxBreath_AltEntry,$31:85FB,Core/sprite_functions.asm,894,TrinexxBreath_AltEntry,oracle-of-secrets
Oracle_SpeedAdjustments,$31:8663,Core/sprite_functions.asm,934,SpeedAdjustments,oracle-of-secrets
Oracle_Sprite_Twinrova_FireAttack,$31:866B,Core/sprite_functions.asm,939,Sprite_Twinrova_FireAttack,oracle-of-secrets
Oracle_AddFireGarnish,$31:867C,Core/sprite_functions.asm,949,AddFireGarnish,oracle-of-secrets
Oracle_Sprite_Twinrova_IceAttack,$31:86E2,Core/sprite_functions.asm,979,Sprite_Twinrova_IceAttack,oracle-of-secrets
Oracle_AddIceGarnishV2,$31:86F3,Core/sprite_functions.asm,989,AddIceGarnishV2,oracle-of-secrets
Oracle_Garnish_PrepOamCoord,$09:B5DE,Core/sprite_functions.asm,1023,Garnish_PrepOamCoord,oracle-of-secrets
Oracle_Garnish_SetOamPropsAndLargeSize,$09:B70C,Core/sprite_functions.asm,1026,Garnish_SetOamPropsAndLargeSize,oracle-of-secrets
Oracle_Garnish_CheckPlayerCollision,$09:B459,Core/sprite_functions.asm,1029,Garnish_CheckPlayerCollision,oracle-of-secrets
Oracle_Garnish_SetOamPropsAndSmallSize,$09:B5D6,Core/sprite_functions.asm,1032,Garnish_SetOamPropsAndSmallSize,oracle-of-secrets
Oracle_TrinexxIce_Pool,$09:B33F,Core/sprite_functions.asm,1039,TrinexxIce_Pool,oracle-of-secrets
Oracle_Intro_Dungeon_Main,$31:8759,Core/sprite_functions.asm,1053,Intro_Dungeon_Main,oracle-of-secrets
Oracle_MoveCamera,$31:8799,Core/sprite_functions.asm,1088,MoveCamera,oracle-of-secrets
Oracle_SetupMovieEffect,$31:8800,Core/sprite_functions.asm,1159,SetupMovieEffect,oracle-of-secrets
Oracle_MovieEffect,$31:8861,Core/sprite_functions.asm,1199,MovieEffect,oracle-of-secrets
Oracle_HDMATable,$31:887F,Core/sprite_functions.asm,1216,HDMATable,oracle-of-secrets
Oracle_NewMainSprFunction,$06:FFF8,Core/sprite_new_table.asm,3,NewMainSprFunction,oracle-of-secrets
Oracle_NewSprPrepFunction,$06:8EB9,Core/sprite_new_table.asm,8,NewSprPrepFunction,oracle-of-secrets
Oracle_SpriteActiveExp_MainLong,$30:8000,Core/sprite_new_table.asm,14,SpriteActiveExp_MainLong,oracle-of-secrets
Oracle_NewSprTable,$30:8009,Core/sprite_new_table.asm,22,NewSprTable,oracle-of-secrets
Oracle_Sprite_PrepExp_Long,$30:8037,Core/sprite_new_table.asm,47,Sprite_PrepExp_Long,oracle-of-secrets
Oracle_NewSprPrepTable,$30:8040,Core/sprite_new_table.asm,55,NewSprPrepTable,oracle-of-secrets
Oracle_NewSprRoutinesLong,$30:806E,Core/sprite_new_table.asm,80,NewSprRoutinesLong,oracle-of-secrets
Oracle_NewSprPrepRoutinesLong,$30:836B,Core/sprite_new_table.asm,86,NewSprPrepRoutinesLong,oracle-of-secrets
Sprite,$7E:0BA0,Core/structs.asm,1,Sprite,oracle-of-secrets
Sprite.BulletProof,$7E:0BA0,Core/structs.asm,3,Sprite.BulletProof,oracle-of-secrets
Sprite.AncillaId,$7E:0BB0,Core/structs.asm,4,Sprite.AncillaId,oracle-of-secrets
Sprite.Slot,$7E:0BC0,Core/structs.asm,5,Sprite.Slot,oracle-of-secrets
Sprite.OwDeath,$7E:0BD0,Core/structs.asm,6,Sprite.OwDeath,oracle-of-secrets
Sprite.Prize,$7E:0BF0,Core/structs.asm,7,Sprite.Prize,oracle-of-secrets
Sprite.OwScreen,$7E:0C00,Core/structs.asm,10,Sprite.OwScreen,oracle-of-secrets
Sprite.Deflect,$7E:0C10,Core/structs.asm,11,Sprite.Deflect,oracle-of-secrets
Sprite.ForceDrop,$7E:0C20,Core/structs.asm,12,Sprite.ForceDrop,oracle-of-secrets
Sprite.OverlordRoom,$7E:0C30,Core/structs.asm,13,Sprite.OverlordRoom,oracle-of-secrets
Sprite.BumpDamage,$7E:0C38,Core/structs.asm,14,Sprite.BumpDamage,oracle-of-secrets
Sprite.CurrDamage,$7E:0C48,Core/structs.asm,15,Sprite.CurrDamage,oracle-of-secrets
Sprite.yl,$7E:0C58,Core/structs.asm,18,Sprite.yl,oracle-of-secrets
Sprite.xl,$7E:0C68,Core/structs.asm,19,Sprite.xl,oracle-of-secrets
Sprite.yh,$7E:0C78,Core/structs.asm,20,Sprite.yh,oracle-of-secrets
Sprite.xh,$7E:0C88,Core/structs.asm,21,Sprite.xh,oracle-of-secrets
Sprite.vy,$7E:0C98,Core/structs.asm,22,Sprite.vy,oracle-of-secrets
Sprite.vx,$7E:0CA8,Core/structs.asm,23,Sprite.vx,oracle-of-secrets
Sprite.sub_vy,$7E:0CB8,Core/structs.asm,24,Sprite.sub_vy,oracle-of-secrets
Sprite.sub_vx,$7E:0CC8,Core/structs.asm,25,Sprite.sub_vx,oracle-of-secrets
Sprite.action,$7E:0CD8,Core/structs.asm,26,Sprite.action,oracle-of-secrets
Sprite.frame,$7E:0CE8,Core/structs.asm,27,Sprite.frame,oracle-of-secrets
Sprite.misc_a,$7E:0CF8,Core/structs.asm,28,Sprite.misc_a,oracle-of-secrets
Sprite.misc_b,$7E:0D08,Core/structs.asm,29,Sprite.misc_b,oracle-of-secrets
Sprite.gfx,$7E:0D18,Core/structs.asm,30,Sprite.gfx,oracle-of-secrets
Sprite.state,$7E:0D28,Core/structs.asm,31,Sprite.state,oracle-of-secrets
Sprite.misc_c,$7E:0D38,Core/structs.asm,32,Sprite.misc_c,oracle-of-secrets
Sprite.TimerA,$7E:0D48,Core/structs.asm,33,Sprite.TimerA,oracle-of-secrets
Sprite.TimerB,$7E:0D58,Core/structs.asm,34,Sprite.TimerB,oracle-of-secrets
Sprite.TimerC,$7E:0D68,Core/structs.asm,35,Sprite.TimerC,oracle-of-secrets
Sprite.type,$7E:0D78,Core/structs.asm,36,Sprite.type,oracle-of-secrets
Sprite.subtype,$7E:0D88,Core/structs.asm,37,Sprite.subtype,oracle-of-secrets
Sprite.nbr_oam,$7E:0D98,Core/structs.asm,38,Sprite.nbr_oam,oracle-of-secrets
Sprite.hp,$7E:0DA8,Core/structs.asm,39,Sprite.hp,oracle-of-secrets
Sprite.props,$7E:0DB8,Core/structs.asm,40,Sprite.props,oracle-of-secrets
Sprite.collide,$7E:0DC8,Core/structs.asm,41,Sprite.collide,oracle-of-secrets
Sprite.delay,$7E:0DD8,Core/structs.asm,42,Sprite.delay,oracle-of-secrets
Sprite.misc_d,$7E:0DE8,Core/structs.asm,43,Sprite.misc_d,oracle-of-secrets
Sprite.recoil,$7E:0DF8,Core/structs.asm,44,Sprite.recoil,oracle-of-secrets
Sprite.misc_e,$7E:0E08,Core/structs.asm,45,Sprite.misc_e,oracle-of-secrets
Sprite.misc_f,$7E:0E18,Core/structs.asm,46,Sprite.misc_f,oracle-of-secrets
Sprite.misc_g,$7E:0E28,Core/structs.asm,47,Sprite.misc_g,oracle-of-secrets
Sprite.timer_d,$7E:0E38,Core/structs.asm,48,Sprite.timer_d,oracle-of-secrets
Sprite.death_timer,$7E:0E48,Core/structs.asm,49,Sprite.death_timer,oracle-of-secrets
Sprite.pause,$7E:0E58,Core/structs.asm,50,Sprite.pause,oracle-of-secrets
Sprite.timer_e,$7E:0E68,Core/structs.asm,51,Sprite.timer_e,oracle-of-secrets
Sprite.floor,$7E:0E78,Core/structs.asm,52,Sprite.floor,oracle-of-secrets
Sprite.recoil_y,$7E:0E88,Core/structs.asm,53,Sprite.recoil_y,oracle-of-secrets
Sprite.recoil_x,$7E:0E98,Core/structs.asm,54,Sprite.recoil_x,oracle-of-secrets
Sprite.oam_prop,$7E:0EA8,Core/structs.asm,55,Sprite.oam_prop,oracle-of-secrets
Sprite.collision_prop,$7E:0EB8,Core/structs.asm,56,Sprite.collision_prop,oracle-of-secrets
Sprite.z,$7E:0EC8,Core/structs.asm,57,Sprite.z,oracle-of-secrets
Sprite.vz,$7E:0ED8,Core/structs.asm,58,Sprite.vz,oracle-of-secrets
Sprite.sub_vz,$7E:0EE8,Core/structs.asm,59,Sprite.sub_vz,oracle-of-secrets
TimeState,$7E:E000,Core/structs.asm,63,TimeState,oracle-of-secrets
TimeState.Hours,$7E:E000,Core/structs.asm,67,TimeState.Hours,oracle-of-secrets
TimeState.Minutes,$7E:E001,Core/structs.asm,68,TimeState.Minutes,oracle-of-secrets
TimeState.Speed,$7E:E002,Core/structs.asm,69,TimeState.Speed,oracle-of-secrets
TimeState.Padding,$7E:E003,Core/structs.asm,70,TimeState.Padding,oracle-of-secrets
TimeState.BlueVal,$7E:E010,Core/structs.asm,71,TimeState.BlueVal,oracle-of-secrets
TimeState.GreenVal,$7E:E012,Core/structs.asm,72,TimeState.GreenVal,oracle-of-secrets
TimeState.RedVal,$7E:E014,Core/structs.asm,73,TimeState.RedVal,oracle-of-secrets
TimeState.TempColor,$7E:E016,Core/structs.asm,74,TimeState.TempColor,oracle-of-secrets
TimeState.SubColor,$7E:E018,Core/structs.asm,75,TimeState.SubColor,oracle-of-secrets
Oracle_MenuScrollLevelV,$7E:0730,Core/symbols.asm,6,MenuScrollLevelV,oracle-of-secrets
Oracle_MenuScrollLevelH,$7E:0731,Core/symbols.asm,7,MenuScrollLevelH,oracle-of-secrets
Oracle_MenuScrollHDirection,$7E:0732,Core/symbols.asm,8,MenuScrollHDirection,oracle-of-secrets
Oracle_MenuItemValueSpoof,$7E:0734,Core/symbols.asm,9,MenuItemValueSpoof,oracle-of-secrets
Oracle_ShortSpoof,$7E:0736,Core/symbols.asm,10,ShortSpoof,oracle-of-secrets
Oracle_MusicNoteValue,$7E:0737,Core/symbols.asm,11,MusicNoteValue,oracle-of-secrets
Oracle_GoldstarOrHookshot,$7E:0739,Core/symbols.asm,12,GoldstarOrHookshot,oracle-of-secrets
Oracle_Neck_Index,$7E:073A,Core/symbols.asm,13,Neck_Index,oracle-of-secrets
Oracle_Neck1_OffsetX,$7E:073B,Core/symbols.asm,14,Neck1_OffsetX,oracle-of-secrets
Oracle_Neck1_OffsetY,$7E:073C,Core/symbols.asm,15,Neck1_OffsetY,oracle-of-secrets
Oracle_Neck2_OffsetX,$7E:073D,Core/symbols.asm,16,Neck2_OffsetX,oracle-of-secrets
Oracle_Neck2_OffsetY,$7E:073E,Core/symbols.asm,17,Neck2_OffsetY,oracle-of-secrets
Oracle_Neck3_OffsetX,$7E:073F,Core/symbols.asm,18,Neck3_OffsetX,oracle-of-secrets
Oracle_Neck3_OffsetY,$7E:0740,Core/symbols.asm,19,Neck3_OffsetY,oracle-of-secrets
Oracle_Offspring1_Id,$7E:0741,Core/symbols.asm,20,Offspring1_Id,oracle-of-secrets
Oracle_Offspring2_Id,$7E:0742,Core/symbols.asm,21,Offspring2_Id,oracle-of-secrets
Oracle_Offspring3_Id,$7E:0743,Core/symbols.asm,22,Offspring3_Id,oracle-of-secrets
Oracle_Kydreeok_Id,$7E:0744,Core/symbols.asm,23,Kydreeok_Id,oracle-of-secrets
Oracle_FishingOrPortalRod,$7E:0745,Core/symbols.asm,24,FishingOrPortalRod,oracle-of-secrets
Oracle_SongTintTimer,$7E:0746,Core/symbols.asm,25,SongTintTimer,oracle-of-secrets
Oracle_SongTintColor,$7E:0747,Core/symbols.asm,26,SongTintColor,oracle-of-secrets
Oracle_Sprite_SetSpawnedCoords,$09:AE64,Dungeons/Assets/Wagon Cart/sprite_functions_hooks.asm,11,Sprite_SetSpawnedCoords,oracle-of-secrets
Oracle_Sprite_PrepOamCoord,$06:E416,Dungeons/Assets/Wagon Cart/sprite_functions_hooks.asm,17,Sprite_PrepOamCoord,oracle-of-secrets
Oracle_Sprite_CheckDamageFromPlayer,$06:F2AA,Dungeons/Assets/Wagon Cart/sprite_functions_hooks.asm,23,Sprite_CheckDamageFromPlayer,oracle-of-secrets
Oracle_Sprite_CheckDamageToPlayer,$06:F121,Dungeons/Assets/Wagon Cart/sprite_functions_hooks.asm,29,Sprite_CheckDamageToPlayer,oracle-of-secrets
Oracle_Sprite_AttemptDamageToPlayerPlusRecoil,$06:F41F,Dungeons/Assets/Wagon Cart/sprite_functions_hooks.asm,35,Sprite_AttemptDamageToPlayerPlusRecoil,oracle-of-secrets
Oracle_Sprite_OAM_AllocateDeferToPlayer,$06:F864,Dungeons/Assets/Wagon Cart/sprite_functions_hooks.asm,41,Sprite_OAM_AllocateDeferToPlayer,oracle-of-secrets
Oracle_OAM_AllocateFromRegionA,$0D:BA80,Dungeons/Assets/Wagon Cart/sprite_functions_hooks.asm,45,OAM_AllocateFromRegionA,oracle-of-secrets
Oracle_OAM_AllocateFromRegionB,$0D:BA84,Dungeons/Assets/Wagon Cart/sprite_functions_hooks.asm,47,OAM_AllocateFromRegionB,oracle-of-secrets
Oracle_OAM_AllocateFromRegionC,$0D:BA88,Dungeons/Assets/Wagon Cart/sprite_functions_hooks.asm,49,OAM_AllocateFromRegionC,oracle-of-secrets
Oracle_OAM_AllocateFromRegionD,$0D:BA8C,Dungeons/Assets/Wagon Cart/sprite_functions_hooks.asm,51,OAM_AllocateFromRegionD,oracle-of-secrets
Oracle_OAM_AllocateFromRegionE,$0D:BA90,Dungeons/Assets/Wagon Cart/sprite_functions_hooks.asm,53,OAM_AllocateFromRegionE,oracle-of-secrets
Oracle_OAM_AllocateFromRegionF,$0D:BA94,Dungeons/Assets/Wagon Cart/sprite_functions_hooks.asm,55,OAM_AllocateFromRegionF,oracle-of-secrets
Oracle_Sprite_DrawMultiple_quantity_preset,$05:DF70,Dungeons/Assets/Wagon Cart/sprite_functions_hooks.asm,58,Sprite_DrawMultiple_quantity_preset,oracle-of-secrets
Oracle_ApplyRumbleToSprites,$06:80FA,Dungeons/Assets/Wagon Cart/sprite_functions_hooks.asm,63,ApplyRumbleToSprites,oracle-of-secrets
Oracle_CheckIfHitBoxesOverlap,$06:83E6,Dungeons/Assets/Wagon Cart/sprite_functions_hooks.asm,79,CheckIfHitBoxesOverlap,oracle-of-secrets
Oracle_Sprite_Get_16_bit_Coords,$06:84BD,Dungeons/Assets/Wagon Cart/sprite_functions_hooks.asm,85,Sprite_Get_16_bit_Coords,oracle-of-secrets
Oracle_Sprite_PrepAndDrawSingleLarge,$06:DBF0,Dungeons/Assets/Wagon Cart/sprite_functions_hooks.asm,91,Sprite_PrepAndDrawSingleLarge,oracle-of-secrets
Oracle_Sprite_PrepAndDrawSingleSmall,$06:DBF8,Dungeons/Assets/Wagon Cart/sprite_functions_hooks.asm,97,Sprite_PrepAndDrawSingleSmall,oracle-of-secrets
Oracle_Sprite_DrawShadow,$06:DC54,Dungeons/Assets/Wagon Cart/sprite_functions_hooks.asm,103,Sprite_DrawShadow,oracle-of-secrets
Oracle_Sprite_CheckTileCollision,$06:E496,Dungeons/Assets/Wagon Cart/sprite_functions_hooks.asm,110,Sprite_CheckTileCollision,oracle-of-secrets
Oracle_Sprite_GetTileAttr,$06:E87B,Dungeons/Assets/Wagon Cart/sprite_functions_hooks.asm,118,Sprite_GetTileAttr,oracle-of-secrets
Oracle_Sprite_CheckSlopedTileCollision,$06:E8FD,Dungeons/Assets/Wagon Cart/sprite_functions_hooks.asm,124,Sprite_CheckSlopedTileCollision,oracle-of-secrets
Oracle_Sprite_ApplySpeedTowardsPlayer,$06:EA12,Dungeons/Assets/Wagon Cart/sprite_functions_hooks.asm,130,Sprite_ApplySpeedTowardsPlayer,oracle-of-secrets
Oracle_Sprite_DirectionToFacePlayer,$06:EAA0,Dungeons/Assets/Wagon Cart/sprite_functions_hooks.asm,137,Sprite_DirectionToFacePlayer,oracle-of-secrets
Oracle_Sprite_IsToRightOfPlayer,$06:EACD,Dungeons/Assets/Wagon Cart/sprite_functions_hooks.asm,143,Sprite_IsToRightOfPlayer,oracle-of-secrets
Oracle_Sprite_IsBelowPlayer,$06:EAE4,Dungeons/Assets/Wagon Cart/sprite_functions_hooks.asm,149,Sprite_IsBelowPlayer,oracle-of-secrets
Oracle_Sprite_CheckDamageToPlayerSameLayer,$06:F129,Dungeons/Assets/Wagon Cart/sprite_functions_hooks.asm,155,Sprite_CheckDamageToPlayerSameLayer,oracle-of-secrets
Oracle_Sprite_CheckDamageToPlayerIgnoreLayer,$06:F131,Dungeons/Assets/Wagon Cart/sprite_functions_hooks.asm,161,Sprite_CheckDamageToPlayerIgnoreLayer,oracle-of-secrets
Oracle_Sound_SetSfx2PanLong,$0D:BB7C,Dungeons/Assets/Wagon Cart/sprite_functions_hooks.asm,167,Sound_SetSfx2PanLong,oracle-of-secrets
Oracle_Sprite_SpawnDynamically,$1D:F65D,Dungeons/Assets/Wagon Cart/sprite_functions_hooks.asm,180,Sprite_SpawnDynamically,oracle-of-secrets
Oracle_Sprite_ApplyConveyorAdjustment,$1D:8010,Dungeons/Assets/Wagon Cart/sprite_functions_hooks.asm,188,Sprite_ApplyConveyorAdjustment,oracle-of-secrets
Oracle_Dungeon_SpriteInducedTilemapUpdate,$01:E7A9,Dungeons/Assets/Wagon Cart/sprite_functions_hooks.asm,200,Dungeon_SpriteInducedTilemapUpdate,oracle-of-secrets
Oracle_GetRandomInt,$0D:BA71,Dungeons/Assets/Wagon Cart/sprite_functions_hooks.asm,205,GetRandomInt,oracle-of-secrets
Oracle_Sprite_PlayerCantPassThrough,$1E:F4F3,Dungeons/Assets/Wagon Cart/sprite_functions_hooks.asm,211,Sprite_PlayerCantPassThrough,oracle-of-secrets
Oracle_Sprite_NullifyHookshotDrag,$0F:F540,Dungeons/Assets/Wagon Cart/sprite_functions_hooks.asm,217,Sprite_NullifyHookshotDrag,oracle-of-secrets
Oracle_Sprite_ShowMessageUnconditional,$05:E219,Dungeons/Assets/Wagon Cart/sprite_functions_hooks.asm,231,Sprite_ShowMessageUnconditional,oracle-of-secrets
Oracle_Link_ReceiveItem,$07:99AD,Dungeons/Assets/Wagon Cart/sprite_functions_hooks.asm,237,Link_ReceiveItem,oracle-of-secrets
Oracle_Sprite_ShowSolicitedMessageIfPlayerFacing,$05:E1A7,Dungeons/Assets/Wagon Cart/sprite_functions_hooks.asm,245,Sprite_ShowSolicitedMessageIfPlayerFacing,oracle-of-secrets
Oracle_Sprite_ShowMessageFromPlayerContact,$05:E1F0,Dungeons/Assets/Wagon Cart/sprite_functions_hooks.asm,253,Sprite_ShowMessageFromPlayerContact,oracle-of-secrets
Oracle_UseImplicitRegIndexedLocalJumpTable,$00:8781,Dungeons/Assets/Wagon Cart/sprite_functions_hooks.asm,257,UseImplicitRegIndexedLocalJumpTable,oracle-of-secrets
EnableForceBlank,$00:893D,Dungeons/Assets/Wagon Cart/sprite_functions_hooks.asm,260,EnableForceBlank,oracle-of-secrets
Oracle_Sprite_ProjectSpeedTowardsEntityLong,$06:EA22,Dungeons/Assets/Wagon Cart/sprite_functions_hooks.asm,275,Sprite_ProjectSpeedTowardsEntityLong,oracle-of-secrets
Oracle_Sprite_SpawnFireball,$0D:DA06,Dungeons/Assets/Wagon Cart/sprite_functions_hooks.asm,278,Sprite_SpawnFireball,oracle-of-secrets
Oracle_Dungeon_LoadCustomTileAttr,$2C:882E,Dungeons/Collision/CollisionTablesExpanded.asm,14,Dungeon_LoadCustomTileAttr,oracle-of-secrets
Oracle_group_offsets,$2C:885D,Dungeons/Collision/CollisionTablesExpanded.asm,71,group_offsets,oracle-of-secrets
Oracle_offs,$2C:888D,Dungeons/Collision/CollisionTablesExpanded.asm,81,offs,oracle-of-secrets
Oracle_group00,$2C:888D,Dungeons/Collision/CollisionTablesExpanded.asm,82,group00,oracle-of-secrets
Oracle_group01,$2C:890D,Dungeons/Collision/CollisionTablesExpanded.asm,98,group01,oracle-of-secrets
Oracle_group02,$2C:898D,Dungeons/Collision/CollisionTablesExpanded.asm,114,group02,oracle-of-secrets
Oracle_group03,$2C:8A0D,Dungeons/Collision/CollisionTablesExpanded.asm,130,group03,oracle-of-secrets
Oracle_group04,$2C:8A8D,Dungeons/Collision/CollisionTablesExpanded.asm,147,group04,oracle-of-secrets
Oracle_group05,$2C:8B0D,Dungeons/Collision/CollisionTablesExpanded.asm,163,group05,oracle-of-secrets
Oracle_group06,$2C:8B8D,Dungeons/Collision/CollisionTablesExpanded.asm,179,group06,oracle-of-secrets
Oracle_group07,$2C:8C0D,Dungeons/Collision/CollisionTablesExpanded.asm,196,group07,oracle-of-secrets
Oracle_group08,$2C:8C8D,Dungeons/Collision/CollisionTablesExpanded.asm,212,group08,oracle-of-secrets
Oracle_group09,$2C:8D0D,Dungeons/Collision/CollisionTablesExpanded.asm,228,group09,oracle-of-secrets
Oracle_group0A,$2C:8D8D,Dungeons/Collision/CollisionTablesExpanded.asm,244,group0A,oracle-of-secrets
Oracle_group0B,$2C:8E0D,Dungeons/Collision/CollisionTablesExpanded.asm,261,group0B,oracle-of-secrets
Oracle_group0C,$2C:8E8D,Dungeons/Collision/CollisionTablesExpanded.asm,277,group0C,oracle-of-secrets
Oracle_group0D,$2C:8F0D,Dungeons/Collision/CollisionTablesExpanded.asm,293,group0D,oracle-of-secrets
Oracle_group0E,$2C:8F8D,Dungeons/Collision/CollisionTablesExpanded.asm,309,group0E,oracle-of-secrets
Oracle_group0F,$2C:900D,Dungeons/Collision/CollisionTablesExpanded.asm,325,group0F,oracle-of-secrets
Oracle_group10,$2C:908D,Dungeons/Collision/CollisionTablesExpanded.asm,341,group10,oracle-of-secrets
Oracle_group11,$2C:910D,Dungeons/Collision/CollisionTablesExpanded.asm,357,group11,oracle-of-secrets
Oracle_group12,$2C:918D,Dungeons/Collision/CollisionTablesExpanded.asm,373,group12,oracle-of-secrets
Oracle_group13,$2C:920D,Dungeons/Collision/CollisionTablesExpanded.asm,389,group13,oracle-of-secrets
Oracle_group14,$2C:928D,Dungeons/Collision/CollisionTablesExpanded.asm,405,group14,oracle-of-secrets
Oracle_group15,$2C:930D,Dungeons/Collision/CollisionTablesExpanded.asm,421,group15,oracle-of-secrets
Oracle_group16,$2C:938D,Dungeons/Collision/CollisionTablesExpanded.asm,437,group16,oracle-of-secrets
Oracle_group17,$2C:940D,Dungeons/Collision/CollisionTablesExpanded.asm,453,group17,oracle-of-secrets
Oracle_CustomRoomCollision_easyout,$25:8000,Dungeons/Collision/custom_collision.asm,34,CustomRoomCollision_easyout,oracle-of-secrets
Oracle_CustomRoomCollision,$25:8001,Dungeons/Collision/custom_collision.asm,39,CustomRoomCollision,oracle-of-secrets
Oracle_WaterGate_FillComplete_Hook,$2C:B556,Dungeons/Collision/water_collision.asm,54,WaterGate_FillComplete_Hook,oracle-of-secrets
Oracle_WaterFill_FindRoomInTable,$2C:B5BD,Dungeons/Collision/water_collision.asm,130,WaterFill_FindRoomInTable,oracle-of-secrets
Oracle_WaterGate_ApplyCollision,$2C:B60D,Dungeons/Collision/water_collision.asm,190,WaterGate_ApplyCollision,oracle-of-secrets
Oracle_WaterGate_SetPersistenceFlag,$2C:B645,Dungeons/Collision/water_collision.asm,237,WaterGate_SetPersistenceFlag,oracle-of-secrets
Oracle_WaterGate_CheckRoomEntry,$2C:B654,Dungeons/Collision/water_collision.asm,254,WaterGate_CheckRoomEntry,oracle-of-secrets
Oracle_Underworld_LoadRoom_ExitHook,$2C:B6D4,Dungeons/Collision/water_collision.asm,327,Underworld_LoadRoom_ExitHook,oracle-of-secrets
Oracle_WaterGateCollisionTable,$2C:B6F5,Dungeons/Collision/water_collision.asm,380,WaterGateCollisionTable,oracle-of-secrets
Oracle_WaterGate_Room27_Data,$2C:B795,Dungeons/Collision/water_collision.asm,410,WaterGate_Room27_Data,oracle-of-secrets
Oracle_WaterGate_Room25_Data,$2C:B974,Dungeons/Collision/water_collision.asm,466,WaterGate_Room25_Data,oracle-of-secrets
Oracle_ExpandedObject,$01:B53C,Dungeons/Objects/object_handler.asm,26,ExpandedObject,oracle-of-secrets
Oracle_ExpandedObject2,$01:B541,Dungeons/Objects/object_handler.asm,30,ExpandedObject2,oracle-of-secrets
Oracle_SpriteBodyObjects,$01:B546,Dungeons/Objects/object_handler.asm,34,SpriteBodyObjects,oracle-of-secrets
Oracle_HeavyPot,$01:B54B,Dungeons/Objects/object_handler.asm,38,HeavyPot,oracle-of-secrets
Oracle_InitHeavyPot,$2C:8000,Dungeons/Objects/object_handler.asm,46,InitHeavyPot,oracle-of-secrets
Oracle_CustomObjectHandler,$2C:8017,Dungeons/Objects/object_handler.asm,61,CustomObjectHandler,oracle-of-secrets
Oracle_SpriteObjectsDraw,$2C:816A,Dungeons/Objects/object_handler.asm,166,SpriteObjectsDraw,oracle-of-secrets
Oracle_CustomObjectHandler2,$2C:8266,Dungeons/Objects/object_handler.asm,231,CustomObjectHandler2,oracle-of-secrets
Oracle_AttractScene_ThroneRoom,$0C:EF4E,Dungeons/attract_scenes.asm,55,AttractScene_ThroneRoom,oracle-of-secrets
Oracle_AttractScene_Prison,$0C:EFE3,Dungeons/attract_scenes.asm,143,AttractScene_Prison,oracle-of-secrets
Oracle_AttractScene_AgahnimAltar,$0C:F058,Dungeons/attract_scenes.asm,232,AttractScene_AgahnimAltar,oracle-of-secrets
Oracle_AttractScene_EndOfStory,$0C:F0DC,Dungeons/attract_scenes.asm,325,AttractScene_EndOfStory,oracle-of-secrets
Oracle_pool_AttractDramatize_ThroneRoom,$0C:F1AE,Dungeons/attract_scenes.asm,345,pool_AttractDramatize_ThroneRoom,oracle-of-secrets
Oracle_AttractDramatize_ThroneRoom,$0C:F1C8,Dungeons/attract_scenes.asm,388,AttractDramatize_ThroneRoom,oracle-of-secrets
Oracle_pool_AttractDramatize_Prison,$0C:F260,Dungeons/attract_scenes.asm,517,pool_AttractDramatize_Prison,oracle-of-secrets
Oracle_AttractDramatize_Prison,$0C:F27A,Dungeons/attract_scenes.asm,539,AttractDramatize_Prison,oracle-of-secrets
Oracle_AttractDramatize_Agahnim,$0C:F319,Dungeons/attract_scenes.asm,670,AttractDramatize_Agahnim,oracle-of-secrets
Oracle_Dramaghanim_AdvanceStory,$0C:F324,Dungeons/attract_scenes.asm,684,Dramaghanim_AdvanceStory,oracle-of-secrets
Oracle_Dramaghanim_WaitForCue,$0C:F32B,Dungeons/attract_scenes.asm,694,Dramaghanim_WaitForCue,oracle-of-secrets
Oracle_pool_Dramaghanim_MoveAndSpin,$0C:F365,Dungeons/attract_scenes.asm,742,pool_Dramaghanim_MoveAndSpin,oracle-of-secrets
Oracle_Dramaghanim_MoveAndSpin,$0C:F379,Dungeons/attract_scenes.asm,761,Dramaghanim_MoveAndSpin,oracle-of-secrets
Oracle_pool_AttractDramatize_AgahnimAltar,$0C:F401,Dungeons/attract_scenes.asm,881,pool_AttractDramatize_AgahnimAltar,oracle-of-secrets
Oracle_AttractDramatize_AgahnimAltar,$0C:F423,Dungeons/attract_scenes.asm,907,AttractDramatize_AgahnimAltar,oracle-of-secrets
Oracle_Dramagahnim_RaiseTheRoof,$0C:F57B,Dungeons/attract_scenes.asm,1182,Dramagahnim_RaiseTheRoof,oracle-of-secrets
Oracle_DramagahnimSpellCharPointer,$0C:F582,Dungeons/attract_scenes.asm,1196,DramagahnimSpellCharPointer,oracle-of-secrets
Oracle_DramagahnimSpellPropPointer,$0C:F586,Dungeons/attract_scenes.asm,1202,DramagahnimSpellPropPointer,oracle-of-secrets
Oracle_pool_Dramagahnim_ReadySpell,$0C:F58A,Dungeons/attract_scenes.asm,1208,pool_Dramagahnim_ReadySpell,oracle-of-secrets
Oracle_Dramagahnim_ReadySpell,$0C:F592,Dungeons/attract_scenes.asm,1224,Dramagahnim_ReadySpell,oracle-of-secrets
Oracle_pool_Dramagahnim_CastSpell,$0C:F5FB,Dungeons/attract_scenes.asm,1321,pool_Dramagahnim_CastSpell,oracle-of-secrets
Oracle_Dramagahnim_CastSpell,$0C:F613,Dungeons/attract_scenes.asm,1349,Dramagahnim_CastSpell,oracle-of-secrets
Oracle_pool_Dramagahnim_RealizeWhatJustHappened,$0C:F675,Dungeons/attract_scenes.asm,1436,pool_Dramagahnim_RealizeWhatJustHappened,oracle-of-secrets
Oracle_Dramagahnim_RealizeWhatJustHappened,$0C:F689,Dungeons/attract_scenes.asm,1466,Dramagahnim_RealizeWhatJustHappened,oracle-of-secrets
Oracle_Dramagahnim_IdleGuiltily,$0C:F6E2,Dungeons/attract_scenes.asm,1539,Dramagahnim_IdleGuiltily,oracle-of-secrets
Oracle_Attract_SkipToFileSelect,$0C:F700,Dungeons/attract_scenes.asm,1573,Attract_SkipToFileSelect,oracle-of-secrets
Oracle_AttractOAMData,$0C:F8A7,Dungeons/attract_scenes.asm,1609,AttractOAMData,oracle-of-secrets
Oracle_AttractAgahnimOAM,$0C:F8D9,Dungeons/attract_scenes.asm,1644,AttractAgahnimOAM,oracle-of-secrets
Oracle_AttractAltarMaidenOAM,$0C:F927,Dungeons/attract_scenes.asm,1692,AttractAltarMaidenOAM,oracle-of-secrets
Oracle_AttractAltarMaidenShadowOAM,$0C:F933,Dungeons/attract_scenes.asm,1715,AttractAltarMaidenShadowOAM,oracle-of-secrets
Oracle_DramagahnimSpellOAM,$0C:F945,Dungeons/attract_scenes.asm,1751,DramagahnimSpellOAM,oracle-of-secrets
Oracle_AttractTelebubbleOAM,$0C:F9A7,Dungeons/attract_scenes.asm,1802,AttractTelebubbleOAM,oracle-of-secrets
Oracle_CrumbleFloorTag_Main,$2C:8653,Dungeons/crumblefloor_tag.asm,12,CrumbleFloorTag_Main,oracle-of-secrets
Oracle_SpawnFallingTile,$2C:86E5,Dungeons/crumblefloor_tag.asm,58,SpawnFallingTile,oracle-of-secrets
Oracle_update_crack_tile,$2C:8723,Dungeons/crumblefloor_tag.asm,81,update_crack_tile,oracle-of-secrets
Oracle_update_pit_tile,$2C:8733,Dungeons/crumblefloor_tag.asm,92,update_pit_tile,oracle-of-secrets
Oracle_replace_crack_pit,$2C:8743,Dungeons/crumblefloor_tag.asm,103,replace_crack_pit,oracle-of-secrets
Oracle_replace_tile_pit,$2C:8791,Dungeons/crumblefloor_tag.asm,124,replace_tile_pit,oracle-of-secrets
Oracle_CustomTag,$2C:8319,Dungeons/custom_tag.asm,20,CustomTag,oracle-of-secrets
Oracle_HouseTag_Main,$2C:8328,Dungeons/custom_tag.asm,33,HouseTag_Main,oracle-of-secrets
Oracle_HouseTag_TelepathicPlea,$2C:8342,Dungeons/custom_tag.asm,49,HouseTag_TelepathicPlea,oracle-of-secrets
Oracle_HouseTag_WakeUpPlayer,$2C:8373,Dungeons/custom_tag.asm,68,HouseTag_WakeUpPlayer,oracle-of-secrets
Oracle_HouseTag_End,$2C:83BC,Dungeons/custom_tag.asm,98,HouseTag_End,oracle-of-secrets
Oracle_RoomTag_MinishShutterDoor,$2C:83C7,Dungeons/custom_tag.asm,159,RoomTag_MinishShutterDoor,oracle-of-secrets
Oracle_TransferDungeonMapGfx,$2C:948D,Dungeons/dungeons.asm,67,TransferDungeonMapGfx,oracle-of-secrets
Oracle_MapGfx,$2C:94C7,Dungeons/dungeons.asm,84,MapGfx,oracle-of-secrets
Oracle_CheckForTingleMaps,$2C:B4C7,Dungeons/dungeons.asm,93,CheckForTingleMaps,oracle-of-secrets
Oracle_NewWaterOverlayData,$2C:B53C,Dungeons/dungeons.asm,129,NewWaterOverlayData,oracle-of-secrets
Oracle_NewTagRoutine,$2C:83F2,Dungeons/floor_puzzle.asm,10,NewTagRoutine,oracle-of-secrets
Oracle_update_empty_tile,$2C:846D,Dungeons/floor_puzzle.asm,56,update_empty_tile,oracle-of-secrets
Oracle_update_star_tile,$2C:847D,Dungeons/floor_puzzle.asm,67,update_star_tile,oracle-of-secrets
Oracle_update_red_star_tile,$2C:8492,Dungeons/floor_puzzle.asm,79,update_red_star_tile,oracle-of-secrets
Oracle_replace_red_tile_star,$2C:84A7,Dungeons/floor_puzzle.asm,91,replace_red_tile_star,oracle-of-secrets
Oracle_replace_tile_star,$2C:84F2,Dungeons/floor_puzzle.asm,112,replace_tile_star,oracle-of-secrets
Oracle_replace_tile_empty,$2C:853D,Dungeons/floor_puzzle.asm,146,replace_tile_empty,oracle-of-secrets
Oracle_replace_tile_continue,$2C:8585,Dungeons/floor_puzzle.asm,176,replace_tile_continue,oracle-of-secrets
Oracle_draw_one_corner,$2C:85CA,Dungeons/floor_puzzle.asm,215,draw_one_corner,oracle-of-secrets
Oracle_SearchForEmptyStar,$2C:85EE,Dungeons/floor_puzzle.asm,247,SearchForEmptyStar,oracle-of-secrets
Oracle_SearchToRedStar,$2C:8635,Dungeons/floor_puzzle.asm,279,SearchToRedStar,oracle-of-secrets
Oracle_Object_KeyBlock,$01:EB8C,Dungeons/keyblock.asm,19,Object_KeyBlock,oracle-of-secrets
Oracle_speedValuesH,$2C:87DB,Dungeons/spike_subtype.asm,21,speedValuesH,oracle-of-secrets
Oracle_speedValuesV,$2C:87EB,Dungeons/spike_subtype.asm,25,speedValuesV,oracle-of-secrets
Oracle_NewSpikePrep,$2C:87FB,Dungeons/spike_subtype.asm,29,NewSpikePrep,oracle-of-secrets
Oracle_NewSpikeCollision,$2C:8810,Dungeons/spike_subtype.asm,39,NewSpikeCollision,oracle-of-secrets
Oracle_WarpTag,$2C:8305,Dungeons/together_warp_tag.asm,16,WarpTag,oracle-of-secrets
Oracle_MagicBeanGfx,$2B:9ACB,Items/all_items.asm,18,MagicBeanGfx,oracle-of-secrets
Oracle_MagicBeanSwapDynamicGfx,$2B:9C8B,Items/all_items.asm,21,MagicBeanSwapDynamicGfx,oracle-of-secrets
Oracle_Link_ConsumeMagicBagItem,$2B:9CA1,Items/all_items.asm,33,Link_ConsumeMagicBagItem,oracle-of-secrets
Oracle_Link_Banana,$2B:9CB4,Items/all_items.asm,45,Link_Banana,oracle-of-secrets
Oracle_Link_Pineapple,$2B:9CCC,Items/all_items.asm,54,Link_Pineapple,oracle-of-secrets
Oracle_Link_RockMeat,$2B:9CDE,Items/all_items.asm,63,Link_RockMeat,oracle-of-secrets
Oracle_Link_Seashells,$2B:9CE0,Items/all_items.asm,68,Link_Seashells,oracle-of-secrets
Oracle_Link_Honeycombs,$2B:9CE2,Items/all_items.asm,73,Link_Honeycombs,oracle-of-secrets
Oracle_Link_DekuSticks,$2B:9CFA,Items/all_items.asm,82,Link_DekuSticks,oracle-of-secrets
Oracle_return_pos,$07:A489,Items/book_of_secrets.asm,21,return_pos,oracle-of-secrets
Oracle_LinkItem_BookOfSecrets,$2B:8229,Items/book_of_secrets.asm,25,LinkItem_BookOfSecrets,oracle-of-secrets
Oracle_Dungeon_RevealSecrets,$2B:824B,Items/book_of_secrets.asm,50,Dungeon_RevealSecrets,oracle-of-secrets
Oracle_LinkItem_NewBottle,$07:A15B,Items/bottle_net.asm,14,LinkItem_NewBottle,oracle-of-secrets
Oracle_pose_id,$07:FA83,Items/bottle_net.asm,41,pose_id,oracle-of-secrets
Oracle_pose_offset,$07:FAAB,Items/bottle_net.asm,47,pose_offset,oracle-of-secrets
Oracle_LinkItem_CatchBottle,$07:FAAF,Items/bottle_net.asm,54,LinkItem_CatchBottle,oracle-of-secrets
Oracle_NetExit,$07:FB29,Items/bottle_net.asm,95,NetExit,oracle-of-secrets
Oracle_LinkItem_Bottles,$07:FB2A,Items/bottle_net.asm,100,LinkItem_Bottles,oracle-of-secrets
Oracle_LinkGoBeep,$07:FC35,Items/bottle_net.asm,205,LinkGoBeep,oracle-of-secrets
Oracle_Bottle_DrinkMilk,$07:FC3C,Items/bottle_net.asm,211,Bottle_DrinkMilk,oracle-of-secrets
Oracle_LinkItem_FishingRodAndPortalRod,$07:AF3E,Items/fishing_rod.asm,22,LinkItem_FishingRodAndPortalRod,oracle-of-secrets
Oracle_FishingRodExit,$2B:8C18,Items/fishing_rod.asm,57,FishingRodExit,oracle-of-secrets
Oracle_LinkItem_FishingRod,$2B:8C1A,Items/fishing_rod.asm,61,LinkItem_FishingRod,oracle-of-secrets
Oracle_EndFishing,$2B:8D27,Items/fishing_rod.asm,170,EndFishing,oracle-of-secrets
Oracle_RodAndCaneAnimationTimer,$2B:8D4E,Items/fishing_rod.asm,189,RodAndCaneAnimationTimer,oracle-of-secrets
Oracle_DirSpeedsX,$2B:8D51,Items/fishing_rod.asm,192,DirSpeedsX,oracle-of-secrets
Oracle_DirSpeedsY,$2B:8D55,Items/fishing_rod.asm,194,DirSpeedsY,oracle-of-secrets
Oracle_Prizes,$2B:8D59,Items/fishing_rod.asm,197,Prizes,oracle-of-secrets
Oracle_fishingrodgfx,$2B:8D69,Items/fishing_rod.asm,204,fishingrodgfx,oracle-of-secrets
Oracle_blockgfx,$2B:8F29,Items/fishing_rod.asm,206,blockgfx,oracle-of-secrets
Oracle_canegfx,$2B:9129,Items/fishing_rod.asm,208,canegfx,oracle-of-secrets
Oracle_floatergfx,$2B:9329,Items/fishing_rod.asm,210,floatergfx,oracle-of-secrets
Oracle_hammergfx,$2B:9529,Items/fishing_rod.asm,212,hammergfx,oracle-of-secrets
Oracle_CheckYButtonPress,$2B:9729,Items/fishing_rod.asm,216,CheckYButtonPress,oracle-of-secrets
Oracle_HaltLinkWhenUsingItems,$2B:973D,Items/fishing_rod.asm,231,HaltLinkWhenUsingItems,oracle-of-secrets
Oracle_FishingSwapCaneBlockHammerGfx,$2B:9760,Items/fishing_rod.asm,249,FishingSwapCaneBlockHammerGfx,oracle-of-secrets
Oracle_RestoreCaneBlockHammerGfx,$2B:977E,Items/fishing_rod.asm,268,RestoreCaneBlockHammerGfx,oracle-of-secrets
Oracle_FloaterBoySpriteCheck,$2B:97A4,Items/fishing_rod.asm,288,FloaterBoySpriteCheck,oracle-of-secrets
Oracle_Sprite_CheckIfActive,$2B:97AC,Items/fishing_rod.asm,296,Sprite_CheckIfActive,oracle-of-secrets
Oracle_SpritePrep_Floater,$2B:97C2,Items/fishing_rod.asm,321,SpritePrep_Floater,oracle-of-secrets
Oracle_Sprite_Floater,$2B:980F,Items/fishing_rod.asm,356,Sprite_Floater,oracle-of-secrets
Oracle_Sprite_Floater_Draw,$2B:9902,Items/fishing_rod.asm,463,Sprite_Floater_Draw,oracle-of-secrets
Oracle_WigglingTable,$2B:9937,Items/fishing_rod.asm,493,WigglingTable,oracle-of-secrets
Oracle_DismissRodFromMenu,$2B:9957,Items/fishing_rod.asm,499,DismissRodFromMenu,oracle-of-secrets
Oracle_FistBump3,$2B:9A82,Items/fist_damage.asm,43,FistBump3,oracle-of-secrets
Oracle_FistBump,$2B:9A9E,Items/fist_damage.asm,64,FistBump,oracle-of-secrets
Oracle_FistBump5,$2B:9AA1,Items/fist_damage.asm,67,FistBump5,oracle-of-secrets
Oracle_FistBump4,$2B:9AB2,Items/fist_damage.asm,81,FistBump4,oracle-of-secrets
Oracle_FistBump2,$2B:9ABF,Items/fist_damage.asm,89,FistBump2,oracle-of-secrets
Oracle_TransferGFXinRAM,$2B:82DA,Items/goldstar.asm,10,TransferGFXinRAM,oracle-of-secrets
Oracle_LinkOAM_SetWeaponVRAMOffsets_not_rod_hook,$0D:ABB0,Items/goldstar.asm,42,LinkOAM_SetWeaponVRAMOffsets_not_rod_hook,oracle-of-secrets
Oracle_HookMaskCheck,$2B:836F,Items/goldstar.asm,50,HookMaskCheck,oracle-of-secrets
Oracle_CheckForBallChain,$2B:839E,Items/goldstar.asm,69,CheckForBallChain,oracle-of-secrets
Oracle_BallChain_DrawOrReturn,$2B:83AA,Items/goldstar.asm,86,BallChain_DrawOrReturn,oracle-of-secrets
Oracle_BallChain_ExtraCollisionLogic,$2B:83BB,Items/goldstar.asm,104,BallChain_ExtraCollisionLogic,oracle-of-secrets
Oracle_LinkItem_BallChain_GfxTransfer,$2B:83D9,Items/goldstar.asm,123,LinkItem_BallChain_GfxTransfer,oracle-of-secrets
Oracle_GoldstarHandleGfx,$2B:8472,Items/goldstar.asm,176,GoldstarHandleGfx,oracle-of-secrets
Oracle_GFX_D600,$2B:8472,Items/goldstar.asm,179,GFX_D600,oracle-of-secrets
Oracle_GFX_D620,$2B:8492,Items/goldstar.asm,184,GFX_D620,oracle-of-secrets
Oracle_GFX_D640,$2B:84B2,Items/goldstar.asm,190,GFX_D640,oracle-of-secrets
Oracle_GFX_D660,$2B:84D2,Items/goldstar.asm,196,GFX_D660,oracle-of-secrets
Oracle_GFX_D680,$2B:84F2,Items/goldstar.asm,202,GFX_D680,oracle-of-secrets
Oracle_GFX_D6A0,$2B:8512,Items/goldstar.asm,208,GFX_D6A0,oracle-of-secrets
Oracle_GFX_D6C0,$2B:8532,Items/goldstar.asm,214,GFX_D6C0,oracle-of-secrets
Oracle_BallChain_ResetTimer,$2B:8552,Items/goldstar.asm,233,BallChain_ResetTimer,oracle-of-secrets
Oracle_BallChain_DrawChainOrHookshot,$2B:855E,Items/goldstar.asm,254,BallChain_DrawChainOrHookshot,oracle-of-secrets
Oracle_BallChainOrHookshot_Modifier,$2B:8579,Items/goldstar.asm,269,BallChainOrHookshot_Modifier,oracle-of-secrets
HookshotSpriteData,$08:BD4C,Items/goldstar.asm,278,HookshotSpriteData,oracle-of-secrets
Oracle_HookshotSpriteData.char,$08:BD4C,Items/goldstar.asm,279,HookshotSpriteData.char,oracle-of-secrets
Oracle_HookshotSpriteData.prop,$08:BD58,Items/goldstar.asm,280,HookshotSpriteData.prop,oracle-of-secrets
Oracle_HookshotSpriteData.box_size_y,$08:BD64,Items/goldstar.asm,281,HookshotSpriteData.box_size_y,oracle-of-secrets
Oracle_HookshotSpriteData.box_size_x,$08:BD6C,Items/goldstar.asm,282,HookshotSpriteData.box_size_x,oracle-of-secrets
Oracle_Goldstar_SetChainProperties,$2B:8585,Items/goldstar.asm,292,Goldstar_SetChainProperties,oracle-of-secrets
Oracle_LinkOAM_GoldstarWeaponTiles,$2B:859E,Items/goldstar.asm,316,LinkOAM_GoldstarWeaponTiles,oracle-of-secrets
Oracle_Hookshot_box_size_y,$08:BD64,Items/goldstar.asm,341,Hookshot_box_size_y,oracle-of-secrets
Oracle_HookshotChain_AncillaDraw,$2B:85CB,Items/goldstar.asm,345,HookshotChain_AncillaDraw,oracle-of-secrets
Oracle_StartChainRotation,$2B:862D,Items/goldstar.asm,396,StartChainRotation,oracle-of-secrets
Ancilla_GetRadialProjection,$0F:FBC2,Items/goldstar.asm,411,Ancilla_GetRadialProjection,oracle-of-secrets
Oracle_Ancilla_GetRadialProjection.multiplier_x,$0F:FBC2,Items/goldstar.asm,412,Ancilla_GetRadialProjection.multiplier_x,oracle-of-secrets
Oracle_Ancilla_GetRadialProjection.multiplier_y,$0F:FC02,Items/goldstar.asm,413,Ancilla_GetRadialProjection.multiplier_y,oracle-of-secrets
Oracle_Ancilla_GetRadialProjection.meta_sign_y,$0F:FC42,Items/goldstar.asm,414,Ancilla_GetRadialProjection.meta_sign_y,oracle-of-secrets
Oracle_Ancilla_GetRadialProjection.meta_sign_x,$0F:FC82,Items/goldstar.asm,415,Ancilla_GetRadialProjection.meta_sign_x,oracle-of-secrets
Oracle_Routine_22D9A0,$2B:8656,Items/goldstar.asm,419,Routine_22D9A0,oracle-of-secrets
Oracle_Goldstar_GetPlayerPosY,$2B:86DD,Items/goldstar.asm,469,Goldstar_GetPlayerPosY,oracle-of-secrets
Oracle_Goldstar_GetPlayerPosX,$2B:86F5,Items/goldstar.asm,485,Goldstar_GetPlayerPosX,oracle-of-secrets
Oracle_Routine_22DA70,$2B:870D,Items/goldstar.asm,501,Routine_22DA70,oracle-of-secrets
Oracle_Routine_22DA80,$2B:871C,Items/goldstar.asm,516,Routine_22DA80,oracle-of-secrets
Oracle_Routine_22DAA0,$2B:8736,Items/goldstar.asm,532,Routine_22DAA0,oracle-of-secrets
Oracle_Routine_22DAD0,$2B:8763,Items/goldstar.asm,564,Routine_22DAD0,oracle-of-secrets
Oracle_BallChain_TryAncillaDraw,$2B:877B,Items/goldstar.asm,593,BallChain_TryAncillaDraw,oracle-of-secrets
Oracle_BallChain_CheckProximityToLink,$2B:879E,Items/goldstar.asm,618,BallChain_CheckProximityToLink,oracle-of-secrets
Oracle_Routine_22DB50,$2B:87B4,Items/goldstar.asm,632,Routine_22DB50,oracle-of-secrets
Oracle_BallChain_SpinAncilla,$2B:87CA,Items/goldstar.asm,651,BallChain_SpinAncilla,oracle-of-secrets
AncillaAdd_HookshotData,$09:9AF8,Items/goldstar.asm,669,AncillaAdd_HookshotData,oracle-of-secrets
Oracle_AncillaAdd_HookshotData.speed_y,$09:9AF8,Items/goldstar.asm,670,AncillaAdd_HookshotData.speed_y,oracle-of-secrets
Oracle_AncillaAdd_HookshotData.speed_x,$09:9AFC,Items/goldstar.asm,671,AncillaAdd_HookshotData.speed_x,oracle-of-secrets
Oracle_AncillaAdd_HookshotData.offset_y,$09:9B00,Items/goldstar.asm,672,AncillaAdd_HookshotData.offset_y,oracle-of-secrets
Oracle_AncillaAdd_HookshotData.offset_x,$09:9B08,Items/goldstar.asm,673,AncillaAdd_HookshotData.offset_x,oracle-of-secrets
Oracle_Routine_22DBD0,$2B:87FE,Items/goldstar.asm,677,Routine_22DBD0,oracle-of-secrets
Oracle_HookshotOrBallChain_Extending_ignore_collision,$2B:8876,Items/goldstar.asm,725,HookshotOrBallChain_Extending_ignore_collision,oracle-of-secrets
Oracle_ClearAncillaVariables,$2B:8888,Items/goldstar.asm,738,ClearAncillaVariables,oracle-of-secrets
Oracle_BallChain_SFX_Control,$2B:889C,Items/goldstar.asm,759,BallChain_SFX_Control,oracle-of-secrets
Oracle_Routine_22DCA0,$2B:88AB,Items/goldstar.asm,775,Routine_22DCA0,oracle-of-secrets
Oracle_CheckAndClearAncillaId,$2B:88B9,Items/goldstar.asm,788,CheckAndClearAncillaId,oracle-of-secrets
Oracle_CheckForSomariaBlock,$2B:88F2,Items/goldstar.asm,818,CheckForSomariaBlock,oracle-of-secrets
Oracle_CheckForSomariaBlast,$2B:8925,Items/goldstar.asm,854,CheckForSomariaBlast,oracle-of-secrets
Oracle_BallChain_StartAnimationFlag,$2B:8950,Items/goldstar.asm,887,BallChain_StartAnimationFlag,oracle-of-secrets
Oracle_BallChain_Finish,$2B:8962,Items/goldstar.asm,909,BallChain_Finish,oracle-of-secrets
Oracle_Hookshot_Init,$2B:8973,Items/goldstar.asm,922,Hookshot_Init,oracle-of-secrets
Oracle_BeginGoldstarOrHookshot,$2B:89B3,Items/goldstar.asm,948,BeginGoldstarOrHookshot,oracle-of-secrets
Oracle_MaybeUploadBirdGraphicsToOam,$2B:89EC,Items/goldstar.asm,973,MaybeUploadBirdGraphicsToOam,oracle-of-secrets
Oracle_ApplyGoldstarDamageClass,$2B:8A02,Items/goldstar.asm,982,ApplyGoldstarDamageClass,oracle-of-secrets
Oracle_CheckForSwitchToGoldstar,$2B:8A1D,Items/goldstar.asm,1001,CheckForSwitchToGoldstar,oracle-of-secrets
Oracle_Goldstar_GetDragged,$2B:8A4A,Items/goldstar.asm,1021,Goldstar_GetDragged,oracle-of-secrets
Oracle_LinkHookshot_GetDragged,$07:AD49,Items/goldstar.asm,1054,LinkHookshot_GetDragged,oracle-of-secrets
Oracle_LinkItem_IceRod,$0E:FBA0,Items/ice_rod.asm,13,LinkItem_IceRod,oracle-of-secrets
Oracle_VramDmaTransfer,$0E:FD00,Items/ice_rod.asm,93,VramDmaTransfer,oracle-of-secrets
Oracle_LinkItem_JumpFeather,$2B:81C6,Items/jump_feather.asm,31,LinkItem_JumpFeather,oracle-of-secrets
Oracle_CheckIfJumpingForSpikeDamage,$2B:8215,Items/jump_feather.asm,75,CheckIfJumpingForSpikeDamage,oracle-of-secrets
Oracle_MagicRing_CheckForPower,$2B:997E,Items/magic_rings.asm,28,MagicRing_CheckForPower,oracle-of-secrets
Oracle_MagicRing_CheckForArmor,$2B:99AE,Items/magic_rings.asm,54,MagicRing_CheckForArmor,oracle-of-secrets
Oracle_MagicRing_CheckForSteadfast,$2B:99D6,Items/magic_rings.asm,71,MagicRing_CheckForSteadfast,oracle-of-secrets
Oracle_MagicRing_CheckForLight,$2B:99F7,Items/magic_rings.asm,94,MagicRing_CheckForLight,oracle-of-secrets
Oracle_MagicRing_CheckForBlast,$2B:9A1F,Items/magic_rings.asm,119,MagicRing_CheckForBlast,oracle-of-secrets
Oracle_MagicRings_CheckForHeart,$2B:9A43,Items/magic_rings.asm,142,MagicRings_CheckForHeart,oracle-of-secrets
Oracle_Song_of_Healing,$1A:9750,Items/ocarina.asm,17,Song_of_Healing,oracle-of-secrets
Oracle_Song_of_Storms,$1A:92F7,Items/ocarina.asm,38,Song_of_Storms,oracle-of-secrets
Oracle_Song_of_Time,$1A:91F0,Items/ocarina.asm,81,Song_of_Time,oracle-of-secrets
Oracle_LinkItem_FluteHook,$07:A3DB,Items/ocarina.asm,120,LinkItem_FluteHook,oracle-of-secrets
Oracle_ReturnFromFluteHook,$07:FC4C,Items/ocarina.asm,126,ReturnFromFluteHook,oracle-of-secrets
Oracle_LinkItem_NewFlute,$07:FC4D,Items/ocarina.asm,131,LinkItem_NewFlute,oracle-of-secrets
Oracle_UpdateFluteSong,$07:FD3B,Items/ocarina.asm,243,UpdateFluteSong,oracle-of-secrets
Oracle_Link_HandleCardinalCollision_Long,$07:FD40,Items/ocarina.asm,247,Link_HandleCardinalCollision_Long,oracle-of-secrets
Oracle_OcarinaEffect_SummonStorms,$2B:8000,Items/ocarina.asm,258,OcarinaEffect_SummonStorms,oracle-of-secrets
Oracle_PlayThunderAndRain,$2B:80ED,Items/ocarina.asm,374,PlayThunderAndRain,oracle-of-secrets
Oracle_SongTintTick,$2B:80F8,Items/ocarina.asm,385,SongTintTick,oracle-of-secrets
Oracle_ResetOcarinaFlag,$2B:811A,Items/ocarina.asm,406,ResetOcarinaFlag,oracle-of-secrets
Oracle_UpdateFluteSong_Long,$2B:811F,Items/ocarina.asm,423,UpdateFluteSong_Long,oracle-of-secrets
Oracle_RodAnimationTimer,$07:A50F,Items/portal_rod.asm,6,RodAnimationTimer,oracle-of-secrets
Oracle_LinkItem_PortalRod,$07:A512,Items/portal_rod.asm,9,LinkItem_PortalRod,oracle-of-secrets
Oracle_Ancilla_HandlePortalCollision,$2B:8A5D,Items/portal_rod.asm,45,Ancilla_HandlePortalCollision,oracle-of-secrets
Oracle_LinkItem_FirePortal,$2B:8ABB,Items/portal_rod.asm,92,LinkItem_FirePortal,oracle-of-secrets
Oracle_Overworld_OperateCameraScroll_Long,$02:FF6E,Items/portal_rod.asm,142,Overworld_OperateCameraScroll_Long,oracle-of-secrets
Oracle_Overworld_ScrollMap_Long,$02:FF76,Items/portal_rod.asm,153,Overworld_ScrollMap_Long,oracle-of-secrets
Oracle_ScrollToPortal,$2B:8B9C,Items/portal_rod.asm,164,ScrollToPortal,oracle-of-secrets
Oracle_collectSword,$2B:826F,Items/sword_collect.asm,6,collectSword,oracle-of-secrets
Oracle_UpdateBunnyPalette,$37:F000,Masks/bunny_hood.asm,22,UpdateBunnyPalette,oracle-of-secrets
Oracle_bunny_palette,$37:F020,Masks/bunny_hood.asm,43,bunny_palette,oracle-of-secrets
Oracle_Link_CheckForBunnyRun,$07:F89D,Masks/bunny_hood.asm,60,Link_CheckForBunnyRun,oracle-of-secrets
Oracle_LinkState_BunnyHoodRun,$20:AF20,Masks/bunny_hood.asm,68,LinkState_BunnyHoodRun,oracle-of-secrets
Oracle_BunnySpeedTable,$20:AF70,Masks/bunny_hood.asm,85,BunnySpeedTable,oracle-of-secrets
Oracle_LinkItem_Ether,$07:A494,Masks/bunny_hood.asm,124,LinkItem_Ether,oracle-of-secrets
Oracle_UpdateDekuPalette,$35:F000,Masks/deku_mask.asm,10,UpdateDekuPalette,oracle-of-secrets
Oracle_deku_palette,$35:F020,Masks/deku_mask.asm,29,deku_palette,oracle-of-secrets
Oracle_LinkItem_DekuMask,$07:A64B,Masks/deku_mask.asm,38,LinkItem_DekuMask,oracle-of-secrets
Oracle_LinkState_UsingQuake,$07:A6BE,Masks/deku_mask.asm,71,LinkState_UsingQuake,oracle-of-secrets
Oracle_UpdateGbcPalette,$3B:F000,Masks/gbc_form.asm,5,UpdateGbcPalette,oracle-of-secrets
Oracle_GameboyLinkPalette,$3B:F056,Masks/gbc_form.asm,37,GameboyLinkPalette,oracle-of-secrets
Oracle_GameboyLinkBlueMail,$3B:F076,Masks/gbc_form.asm,41,GameboyLinkBlueMail,oracle-of-secrets
Oracle_GameboyLinkRedMail,$3B:F096,Masks/gbc_form.asm,45,GameboyLinkRedMail,oracle-of-secrets
Oracle_LinkState_GameboyInDungeonEntrance,$3B:F0B6,Masks/gbc_form.asm,49,LinkState_GameboyInDungeonEntrance,oracle-of-secrets
Oracle_LoadOverworld_CheckForGbcLink,$3B:F0D1,Masks/gbc_form.asm,63,LoadOverworld_CheckForGbcLink,oracle-of-secrets
Oracle_OverworldTransition_CheckForGbcLink,$3B:F0F9,Masks/gbc_form.asm,80,OverworldTransition_CheckForGbcLink,oracle-of-secrets
Oracle_LinkState_GameboyForm,$07:FA4E,Masks/gbc_form.asm,105,LinkState_GameboyForm,oracle-of-secrets
Oracle_StartupMasks,$3A:8000,Masks/mask_routines.asm,36,StartupMasks,oracle-of-secrets
Oracle_PlayerTransform,$3A:8009,Masks/mask_routines.asm,46,PlayerTransform,oracle-of-secrets
Oracle_ResetToLinkGraphics,$3A:8021,Masks/mask_routines.asm,57,ResetToLinkGraphics,oracle-of-secrets
Oracle_ForceResetMask_GameOver,$3A:8040,Masks/mask_routines.asm,71,ForceResetMask_GameOver,oracle-of-secrets
Oracle_ForceResetMask_SaveAndQuit,$3A:805D,Masks/mask_routines.asm,86,ForceResetMask_SaveAndQuit,oracle-of-secrets
Palette_ArmorAndGloves,$1B:EDF9,Masks/mask_routines.asm,97,Palette_ArmorAndGloves,oracle-of-secrets
Oracle_Oracle_CgramAuxToMain_Impl,$3A:812D,Masks/mask_routines.asm,195,Oracle_CgramAuxToMain_Impl,oracle-of-secrets
Oracle_LinkState_ResetMaskAnimated,$3A:81AE,Masks/mask_routines.asm,252,LinkState_ResetMaskAnimated,oracle-of-secrets
Oracle_LinkItem_CheckForSwordSwing_Masks,$3A:81E2,Masks/mask_routines.asm,285,LinkItem_CheckForSwordSwing_Masks,oracle-of-secrets
Oracle_Link_TransformMask,$3A:81F7,Masks/mask_routines.asm,302,Link_TransformMask,oracle-of-secrets
Oracle_Link_TransformMoosh,$3A:8241,Masks/mask_routines.asm,336,Link_TransformMoosh,oracle-of-secrets
Oracle_DekuLink_SpinOrRecoil,$3A:8274,Masks/mask_routines.asm,362,DekuLink_SpinOrRecoil,oracle-of-secrets
Oracle_PrepareQuakeSpell,$3A:8292,Masks/mask_routines.asm,384,PrepareQuakeSpell,oracle-of-secrets
Oracle_HandleMovement,$3A:82B6,Masks/mask_routines.asm,404,HandleMovement,oracle-of-secrets
Oracle_DekuLink_HoverBasedOnInput,$3A:8369,Masks/mask_routines.asm,459,DekuLink_HoverBasedOnInput,oracle-of-secrets
Oracle_DekuLink_CheckForDash,$3A:83F7,Masks/mask_routines.asm,522,DekuLink_CheckForDash,oracle-of-secrets
Oracle_DekuLink_SkipPitSlip,$3A:8405,Masks/mask_routines.asm,532,DekuLink_SkipPitSlip,oracle-of-secrets
Oracle_Ancilla0E_MagicBubble,$08:FFDA,Masks/mask_routines.asm,551,Ancilla0E_MagicBubble,oracle-of-secrets
Oracle_DekuLink_ShootBubbleOrStartHover,$3A:8411,Masks/mask_routines.asm,559,DekuLink_ShootBubbleOrStartHover,oracle-of-secrets
Oracle_Ancilla_SFX3_Near,$3A:8425,Masks/mask_routines.asm,573,Ancilla_SFX3_Near,oracle-of-secrets
Oracle_Ancilla_SFX_Near,$3A:842C,Masks/mask_routines.asm,578,Ancilla_SFX_Near,oracle-of-secrets
Oracle_Ancilla_SFX2_Pan,$3A:8437,Masks/mask_routines.asm,584,Ancilla_SFX2_Pan,oracle-of-secrets
Oracle_Ancilla_SFX3_Pan,$3A:843E,Masks/mask_routines.asm,589,Ancilla_SFX3_Pan,oracle-of-secrets
Oracle_Ancilla_SFX_SetPan,$3A:8445,Masks/mask_routines.asm,594,Ancilla_SFX_SetPan,oracle-of-secrets
Oracle_Ancilla_CheckBasicSpriteCollision,$3A:8450,Masks/mask_routines.asm,600,Ancilla_CheckBasicSpriteCollision,oracle-of-secrets
Oracle_Ancilla_CheckBasicSpriteCollision_Single,$3A:8494,Masks/mask_routines.asm,645,Ancilla_CheckBasicSpriteCollision_Single,oracle-of-secrets
Oracle_Ancilla_SetupBasicHitBox,$3A:8521,Masks/mask_routines.asm,731,Ancilla_SetupBasicHitBox,oracle-of-secrets
Oracle_Ancilla_Move_X,$3A:8550,Masks/mask_routines.asm,751,Ancilla_Move_X,oracle-of-secrets
Oracle_Ancilla_Move_Y,$3A:855B,Masks/mask_routines.asm,763,Ancilla_Move_Y,oracle-of-secrets
Oracle_Ancilla_Move_Z,$3A:8587,Masks/mask_routines.asm,799,Ancilla_Move_Z,oracle-of-secrets
Oracle_Ancilla_Killa,$3A:85AC,Masks/mask_routines.asm,832,Ancilla_Killa,oracle-of-secrets
Oracle_Ancilla_BoundsCheck,$3A:85B2,Masks/mask_routines.asm,838,Ancilla_BoundsCheck,oracle-of-secrets
Oracle_AncillaAdd_MagicBubbleShot,$3A:85D8,Masks/mask_routines.asm,857,AncillaAdd_MagicBubbleShot,oracle-of-secrets
Oracle_Ancilla0E_MagicBubbleLong,$3A:86DE,Masks/mask_routines.asm,989,Ancilla0E_MagicBubbleLong,oracle-of-secrets
Oracle_Ancilla_MagicBubbleShot,$3A:86E8,Masks/mask_routines.asm,1000,Ancilla_MagicBubbleShot,oracle-of-secrets
Oracle_AncillaDraw_MagicBubbleShot,$3A:876C,Masks/mask_routines.asm,1075,AncillaDraw_MagicBubbleShot,oracle-of-secrets
Oracle_MagicBubbleShot_Dissipate,$3A:87F5,Masks/mask_routines.asm,1154,MagicBubbleShot_Dissipate,oracle-of-secrets
Oracle_Ancilla_RestoreIndex,$3A:8811,Masks/mask_routines.asm,1175,Ancilla_RestoreIndex,oracle-of-secrets
Oracle_MagicBubbleShot_Halted,$3A:8815,Masks/mask_routines.asm,1184,MagicBubbleShot_Halted,oracle-of-secrets
Oracle_DekuLink_CancelBeforeTransition,$3A:888C,Masks/mask_routines.asm,1260,DekuLink_CancelBeforeTransition,oracle-of-secrets
Oracle_MagicBubbleGfx,$3A:8898,Masks/mask_routines.asm,1275,MagicBubbleGfx,oracle-of-secrets
Oracle_MagicBubbleSwapDynamicGfx,$3A:8A98,Masks/mask_routines.asm,1278,MagicBubbleSwapDynamicGfx,oracle-of-secrets
Oracle_LinkOAM_DrawShield,$0D:A780,Masks/mask_routines.asm,1307,LinkOAM_DrawShield,oracle-of-secrets
Oracle_LinkOAM_CheckForDrawShield,$3A:8AAE,Masks/mask_routines.asm,1331,LinkOAM_CheckForDrawShield,oracle-of-secrets
Oracle_CheckForTwoWayMirror,$3A:8ACD,Masks/mask_routines.asm,1351,CheckForTwoWayMirror,oracle-of-secrets
Oracle_CheckNewRButtonPress,$3A:8ADD,Masks/mask_routines.asm,1362,CheckNewRButtonPress,oracle-of-secrets
Oracle_CheckNewLButtonPress,$3A:8AED,Masks/mask_routines.asm,1376,CheckNewLButtonPress,oracle-of-secrets
Oracle_LinkState_CheckForMinishForm,$07:F8A2,Masks/minish_form.asm,21,LinkState_CheckForMinishForm,oracle-of-secrets
Oracle_LinkState_CheckMinishTile,$07:F8F0,Masks/minish_form.asm,64,LinkState_CheckMinishTile,oracle-of-secrets
Oracle_CheckForMinishLift,$07:F90A,Masks/minish_form.asm,79,CheckForMinishLift,oracle-of-secrets
Oracle_UpdateMooshPalette,$33:F000,Masks/moosh.asm,1,UpdateMooshPalette,oracle-of-secrets
Oracle_MooshPalette,$33:F016,Masks/moosh.asm,15,MooshPalette,oracle-of-secrets
Oracle_Link_HoverIfMooshWantsToDash,$33:F036,Masks/moosh.asm,19,Link_HoverIfMooshWantsToDash,oracle-of-secrets
Oracle_UpdateWolfPalette,$38:F000,Masks/wolf_mask.asm,6,UpdateWolfPalette,oracle-of-secrets
Oracle_WolfPalette,$38:F020,Masks/wolf_mask.asm,27,WolfPalette,oracle-of-secrets
Oracle_LinkItem_ShovelAndFlute,$07:A313,Masks/wolf_mask.asm,49,LinkItem_ShovelAndFlute,oracle-of-secrets
Oracle_LinkItem_WolfMask,$07:FA3D,Masks/wolf_mask.asm,64,LinkItem_WolfMask,oracle-of-secrets
Oracle_UpdateZoraPalette,$36:F000,Masks/zora_mask.asm,14,UpdateZoraPalette,oracle-of-secrets
Oracle_zora_palette,$36:F020,Masks/zora_mask.asm,36,zora_palette,oracle-of-secrets
Oracle_LinkItem_ZoraMask,$07:A569,Masks/zora_mask.asm,54,LinkItem_ZoraMask,oracle-of-secrets
Oracle_LinkState_UsingZoraMask,$07:F925,Masks/zora_mask.asm,76,LinkState_UsingZoraMask,oracle-of-secrets
Oracle_Menu_Entry,$2D:8F6D,Menu/menu.asm,61,Menu_Entry,oracle-of-secrets
Oracle_Menu_InitGraphics,$2D:8F9C,Menu/menu.asm,93,Menu_InitGraphics,oracle-of-secrets
Oracle_Menu_UploadRight,$2D:B07C,Menu/menu.asm,128,Menu_UploadRight,oracle-of-secrets
Oracle_Menu_UploadLeft,$2D:B0B5,Menu/menu.asm,157,Menu_UploadLeft,oracle-of-secrets
Oracle_Menu_Scroll,$2D:B0E5,Menu/menu.asm,185,Menu_Scroll,oracle-of-secrets
Oracle_Menu_ScrollDown,$2D:B11B,Menu/menu.asm,191,Menu_ScrollDown,oracle-of-secrets
Oracle_Menu_CheckForSpecialMenus,$2D:B30B,Menu/menu.asm,214,Menu_CheckForSpecialMenus,oracle-of-secrets
Oracle_Menu_ItemScreen,$2D:B3A3,Menu/menu.asm,267,Menu_ItemScreen,oracle-of-secrets
Oracle_Menu_ScrollTo,$2D:B408,Menu/menu.asm,326,Menu_ScrollTo,oracle-of-secrets
Oracle_Menu_StatsScreen,$2D:B461,Menu/menu.asm,341,Menu_StatsScreen,oracle-of-secrets
Oracle_Menu_ScrollFrom,$2D:B48E,Menu/menu.asm,370,Menu_ScrollFrom,oracle-of-secrets
Oracle_Menu_ScrollUp,$2D:B49C,Menu/menu.asm,383,Menu_ScrollUp,oracle-of-secrets
Oracle_Menu_CheckBottle,$2D:B4B9,Menu/menu.asm,403,Menu_CheckBottle,oracle-of-secrets
Oracle_Menu_Exit,$2D:B4EB,Menu/menu.asm,428,Menu_Exit,oracle-of-secrets
Oracle_Menu_RefreshQuestScreen,$2D:B521,Menu/menu.asm,470,Menu_RefreshQuestScreen,oracle-of-secrets
Oracle_Menu_RefreshInventoryScreen,$2D:B54E,Menu/menu.asm,492,Menu_RefreshInventoryScreen,oracle-of-secrets
Oracle_Menu_InitiateScrollDown,$2D:B570,Menu/menu.asm,516,Menu_InitiateScrollDown,oracle-of-secrets
Oracle_Menu_HandleGridNavigation,$2D:B5F9,Menu/menu.asm,588,Menu_HandleGridNavigation,oracle-of-secrets
Oracle_Menu_MagicBag,$2D:B64D,Menu/menu.asm,641,Menu_MagicBag,oracle-of-secrets
Oracle_Menu_MagicBagCursorPositions,$2D:B685,Menu/menu.asm,670,Menu_MagicBagCursorPositions,oracle-of-secrets
Oracle_MagicBag_ConsumeItem,$2D:B691,Menu/menu.asm,678,MagicBag_ConsumeItem,oracle-of-secrets
Oracle_Menu_SongMenu,$2D:B6EA,Menu/menu.asm,728,Menu_SongMenu,oracle-of-secrets
Oracle_Menu_SongIconCursorPositions,$2D:B7FA,Menu/menu.asm,830,Menu_SongIconCursorPositions,oracle-of-secrets
Oracle_Menu_RingBox,$2D:B802,Menu/menu.asm,839,Menu_RingBox,oracle-of-secrets
Oracle_Menu_RingIconCursorPositions,$2D:B83A,Menu/menu.asm,866,Menu_RingIconCursorPositions,oracle-of-secrets
Oracle_RingMenu_StoreRingToSlotStack,$2D:B846,Menu/menu.asm,874,RingMenu_StoreRingToSlotStack,oracle-of-secrets
Oracle_RingMenu_Controls,$2D:B895,Menu/menu.asm,908,RingMenu_Controls,oracle-of-secrets
Oracle_Menu_Journal,$2D:B8F8,Menu/menu.asm,954,Menu_Journal,oracle-of-secrets
Oracle_Menu_SubmenuReturn,$2D:B940,Menu/menu.asm,995,Menu_SubmenuReturn,oracle-of-secrets
Oracle_Submenu_Return,$2D:B957,Menu/menu.asm,1005,Submenu_Return,oracle-of-secrets
Oracle_menu_frame,$2D:B96E,Menu/menu.asm,1019,menu_frame,oracle-of-secrets
Oracle_quest_icons,$2D:C16E,Menu/menu.asm,1020,quest_icons,oracle-of-secrets
Oracle_Menu_DrawBackground,$2D:8FF5,Menu/menu_draw.asm,5,Menu_DrawBackground,oracle-of-secrets
Oracle_DrawMenuItem,$2D:902F,Menu/menu_draw.asm,38,DrawMenuItem,oracle-of-secrets
Oracle_Menu_DrawQuestIcons,$2D:905F,Menu/menu_draw.asm,67,Menu_DrawQuestIcons,oracle-of-secrets
Oracle_Menu_DrawTriforceIcons,$2D:90A0,Menu/menu_draw.asm,88,Menu_DrawTriforceIcons,oracle-of-secrets
Oracle_Menu_DrawPendantIcons,$2D:9130,Menu/menu_draw.asm,134,Menu_DrawPendantIcons,oracle-of-secrets
Oracle_Menu_DrawHeartPieces,$2D:917A,Menu/menu_draw.asm,169,Menu_DrawHeartPieces,oracle-of-secrets
Oracle_Menu_DrawMusicNotes,$2D:91B9,Menu/menu_draw.asm,197,Menu_DrawMusicNotes,oracle-of-secrets
Oracle_DrawYItems,$2D:924E,Menu/menu_draw.asm,252,DrawYItems,oracle-of-secrets
Oracle_Menu_DrawQuestItems,$2D:93DC,Menu/menu_draw.asm,413,Menu_DrawQuestItems,oracle-of-secrets
Oracle_Menu_DrawBigKey,$2D:9441,Menu/menu_draw.asm,462,Menu_DrawBigKey,oracle-of-secrets
Oracle_CheckPalaceItemPossession,$2D:94BD,Menu/menu_draw.asm,525,CheckPalaceItemPossession,oracle-of-secrets
Oracle_Menu_DrawBigChestKey,$2D:9540,Menu/menu_draw.asm,620,Menu_DrawBigChestKey,oracle-of-secrets
Oracle_Menu_DrawSongMenu,$2D:9572,Menu/menu_draw.asm,645,Menu_DrawSongMenu,oracle-of-secrets
Oracle_Menu_DrawMagicBag,$2D:9DAC,Menu/menu_draw.asm,676,Menu_DrawMagicBag,oracle-of-secrets
Oracle_Menu_DrawRingBox,$2D:A5E6,Menu/menu_draw.asm,707,Menu_DrawRingBox,oracle-of-secrets
Oracle_Menu_DrawMagicRings,$2D:AE22,Menu/menu_draw.asm,739,Menu_DrawMagicRings,oracle-of-secrets
Oracle_Menu_DrawMagicRingsInBox,$2D:AE83,Menu/menu_draw.asm,774,Menu_DrawMagicRingsInBox,oracle-of-secrets
Oracle_Menu_DrawMagicItems,$2D:AF60,Menu/menu_draw.asm,845,Menu_DrawMagicItems,oracle-of-secrets
Oracle_Menu_DrawCursor,$2D:AFD5,Menu/menu_draw.asm,890,Menu_DrawCursor,oracle-of-secrets
Oracle_Menu_CheckItemHasSubmenu,$2D:B069,Menu/menu_draw.asm,939,Menu_CheckItemHasSubmenu,oracle-of-secrets
Oracle_NothingGFX,$2D:8000,Menu/menu_gfx_table.asm,8,NothingGFX,oracle-of-secrets
Oracle_BowsGFX,$2D:8008,Menu/menu_gfx_table.asm,11,BowsGFX,oracle-of-secrets
Oracle_BoomsGFX,$2D:8028,Menu/menu_gfx_table.asm,17,BoomsGFX,oracle-of-secrets
Oracle_HookGFX,$2D:8038,Menu/menu_gfx_table.asm,21,HookGFX,oracle-of-secrets
Oracle_BombsGFX,$2D:8048,Menu/menu_gfx_table.asm,25,BombsGFX,oracle-of-secrets
Oracle_PowderGFX,$2D:8050,Menu/menu_gfx_table.asm,28,PowderGFX,oracle-of-secrets
Oracle_Fire_rodGFX,$2D:8060,Menu/menu_gfx_table.asm,32,Fire_rodGFX,oracle-of-secrets
Oracle_Ice_rodGFX,$2D:8068,Menu/menu_gfx_table.asm,35,Ice_rodGFX,oracle-of-secrets
Oracle_DekuMaskGFX,$2D:8070,Menu/menu_gfx_table.asm,39,DekuMaskGFX,oracle-of-secrets
Oracle_BunnyHoodGFX,$2D:8078,Menu/menu_gfx_table.asm,43,BunnyHoodGFX,oracle-of-secrets
Oracle_LampGFX,$2D:8080,Menu/menu_gfx_table.asm,46,LampGFX,oracle-of-secrets
Oracle_HammerGFX,$2D:8088,Menu/menu_gfx_table.asm,49,HammerGFX,oracle-of-secrets
Oracle_ShovelGFX,$2D:8090,Menu/menu_gfx_table.asm,52,ShovelGFX,oracle-of-secrets
Oracle_OcarinaGFX,$2D:8098,Menu/menu_gfx_table.asm,55,OcarinaGFX,oracle-of-secrets
Oracle_BigKeyGFX,$2D:80B8,Menu/menu_gfx_table.asm,61,BigKeyGFX,oracle-of-secrets
Oracle_BigChestKeyGFX,$2D:80C0,Menu/menu_gfx_table.asm,64,BigChestKeyGFX,oracle-of-secrets
Oracle_MapGFX,$2D:80C8,Menu/menu_gfx_table.asm,67,MapGFX,oracle-of-secrets
Oracle_TreasureChestGFX,$2D:80D0,Menu/menu_gfx_table.asm,70,TreasureChestGFX,oracle-of-secrets
Oracle_JumpFeatherGFX,$2D:80D8,Menu/menu_gfx_table.asm,75,JumpFeatherGFX,oracle-of-secrets
Oracle_BookGFX,$2D:80E0,Menu/menu_gfx_table.asm,78,BookGFX,oracle-of-secrets
Oracle_BottlesGFX,$2D:80E8,Menu/menu_gfx_table.asm,81,BottlesGFX,oracle-of-secrets
Oracle_SomariaGFX,$2D:8138,Menu/menu_gfx_table.asm,93,SomariaGFX,oracle-of-secrets
Oracle_ByrnaGFX,$2D:8140,Menu/menu_gfx_table.asm,96,ByrnaGFX,oracle-of-secrets
Oracle_FishingRodGFX,$2D:8148,Menu/menu_gfx_table.asm,99,FishingRodGFX,oracle-of-secrets
Oracle_PortalRodGFX,$2D:8150,Menu/menu_gfx_table.asm,102,PortalRodGFX,oracle-of-secrets
Oracle_StoneMaskGFX,$2D:8158,Menu/menu_gfx_table.asm,106,StoneMaskGFX,oracle-of-secrets
Oracle_WolfMaskGFX,$2D:8160,Menu/menu_gfx_table.asm,109,WolfMaskGFX,oracle-of-secrets
Oracle_ZoraMaskGFX,$2D:8180,Menu/menu_gfx_table.asm,116,ZoraMaskGFX,oracle-of-secrets
Oracle_MirrorGFX,$2D:8188,Menu/menu_gfx_table.asm,119,MirrorGFX,oracle-of-secrets
Oracle_QuarterNoteGFX,$2D:8198,Menu/menu_gfx_table.asm,129,QuarterNoteGFX,oracle-of-secrets
Oracle_BananaGFX,$2D:81C0,Menu/menu_gfx_table.asm,136,BananaGFX,oracle-of-secrets
Oracle_RingGFX,$2D:81C8,Menu/menu_gfx_table.asm,139,RingGFX,oracle-of-secrets
Oracle_PineappleGFX,$2D:8200,Menu/menu_gfx_table.asm,148,PineappleGFX,oracle-of-secrets
Oracle_RockMeatGFX,$2D:8208,Menu/menu_gfx_table.asm,151,RockMeatGFX,oracle-of-secrets
Oracle_SeashellGFX,$2D:8210,Menu/menu_gfx_table.asm,154,SeashellGFX,oracle-of-secrets
Oracle_HoneycombGFX,$2D:8218,Menu/menu_gfx_table.asm,157,HoneycombGFX,oracle-of-secrets
Oracle_DekuStickGFX,$2D:8220,Menu/menu_gfx_table.asm,160,DekuStickGFX,oracle-of-secrets
Oracle_PegasusBootsGFX,$2D:8228,Menu/menu_gfx_table.asm,166,PegasusBootsGFX,oracle-of-secrets
Oracle_PowerGloveGFX,$2D:8230,Menu/menu_gfx_table.asm,169,PowerGloveGFX,oracle-of-secrets
Oracle_FlippersGFX,$2D:8240,Menu/menu_gfx_table.asm,173,FlippersGFX,oracle-of-secrets
Oracle_MoonPearlGFX,$2D:8248,Menu/menu_gfx_table.asm,176,MoonPearlGFX,oracle-of-secrets
Oracle_SwordGFX,$2D:8250,Menu/menu_gfx_table.asm,179,SwordGFX,oracle-of-secrets
Oracle_ShieldGFX,$2D:8270,Menu/menu_gfx_table.asm,185,ShieldGFX,oracle-of-secrets
Oracle_TunicGFX,$2D:8288,Menu/menu_gfx_table.asm,190,TunicGFX,oracle-of-secrets
Oracle_SelectItemTXT,$2D:82A0,Menu/menu_gfx_table.asm,197,SelectItemTXT,oracle-of-secrets
Oracle_QuestStatusTXT,$2D:82B8,Menu/menu_gfx_table.asm,202,QuestStatusTXT,oracle-of-secrets
Oracle_AreaNameTXT,$2D:82D0,Menu/menu_gfx_table.asm,207,AreaNameTXT,oracle-of-secrets
Oracle_ButtonPromptTXT,$2D:82F8,Menu/menu_gfx_table.asm,215,ButtonPromptTXT,oracle-of-secrets
Oracle_RingBoxPromptTXT,$2D:8318,Menu/menu_gfx_table.asm,222,RingBoxPromptTXT,oracle-of-secrets
Oracle_newIgnoreItemBox,$0D:FB96,Menu/menu_hud.asm,8,newIgnoreItemBox,oracle-of-secrets
Oracle_HUD_Update,$2E:8000,Menu/menu_hud.asm,37,HUD_Update,oracle-of-secrets
Oracle_MagicTilemap,$2E:8195,Menu/menu_hud.asm,202,MagicTilemap,oracle-of-secrets
Oracle_HUD_UpdateItemBox,$2E:821D,Menu/menu_hud.asm,223,HUD_UpdateItemBox,oracle-of-secrets
Oracle_HUD_DrawItem,$2E:82BB,Menu/menu_hud.asm,310,HUD_DrawItem,oracle-of-secrets
Oracle_HUD_UpdateHearts,$2E:82ED,Menu/menu_hud.asm,328,HUD_UpdateHearts,oracle-of-secrets
Oracle_HUD_UpdateHearts_long,$2E:8331,Menu/menu_hud.asm,366,HUD_UpdateHearts_long,oracle-of-secrets
Oracle_HexToDecimal,$2E:8335,Menu/menu_hud.asm,374,HexToDecimal,oracle-of-secrets
Oracle_HudItems,$0D:FA93,Menu/menu_hud.asm,407,HudItems,oracle-of-secrets
Oracle_HUD_Tilemap,$0D:FE77,Menu/menu_hud.asm,535,HUD_Tilemap,oracle-of-secrets
Oracle_FloorIndicatorNumberHigh,$0A:FCE0,Menu/menu_hud.asm,547,FloorIndicatorNumberHigh,oracle-of-secrets
Oracle_FloorIndicatorNumberLow,$0A:FCF6,Menu/menu_hud.asm,555,FloorIndicatorNumberLow,oracle-of-secrets
Oracle_FloorIndicator,$0A:FD0C,Menu/menu_hud.asm,563,FloorIndicator,oracle-of-secrets
Oracle_Journal_Handler,$2E:8366,Menu/menu_journal.asm,7,Journal_Handler,oracle-of-secrets
Oracle_Journal_PrevPage,$2E:83B3,Menu/menu_journal.asm,48,Journal_PrevPage,oracle-of-secrets
Oracle_Journal_NextPage,$2E:83CB,Menu/menu_journal.asm,64,Journal_NextPage,oracle-of-secrets
Oracle_Journal_GetNthEntry,$2E:83EE,Menu/menu_journal.asm,89,Journal_GetNthEntry,oracle-of-secrets
Oracle_Journal_CountUnlocked,$2E:842E,Menu/menu_journal.asm,144,Journal_CountUnlocked,oracle-of-secrets
Oracle_Journal_DrawEntry,$2E:8465,Menu/menu_journal.asm,180,Journal_DrawEntry,oracle-of-secrets
Oracle_Journal_MasterList,$2E:84ED,Menu/menu_journal.asm,249,Journal_MasterList,oracle-of-secrets
Oracle_Entry_TheCall,$2E:858B,Menu/menu_journal.asm,296,Entry_TheCall,oracle-of-secrets
Oracle_Entry_CastAway,$2E:864D,Menu/menu_journal.asm,305,Entry_CastAway,oracle-of-secrets
Oracle_Entry_MakuTree,$2E:870F,Menu/menu_journal.asm,318,Entry_MakuTree,oracle-of-secrets
Oracle_Entry_FirstEssence,$2E:87D1,Menu/menu_journal.asm,327,Entry_FirstEssence,oracle-of-secrets
Oracle_Entry_MaskShop,$2E:8893,Menu/menu_journal.asm,340,Entry_MaskShop,oracle-of-secrets
Oracle_Entry_CursedGirl,$2E:89B5,Menu/menu_journal.asm,352,Entry_CursedGirl,oracle-of-secrets
Oracle_Entry_GotMushroom,$2E:8AD7,Menu/menu_journal.asm,364,Entry_GotMushroom,oracle-of-secrets
Oracle_Entry_GotPowder,$2E:8BB9,Menu/menu_journal.asm,374,Entry_GotPowder,oracle-of-secrets
Oracle_Entry_CurseBroken,$2E:8C9B,Menu/menu_journal.asm,384,Entry_CurseBroken,oracle-of-secrets
Oracle_Entry_SongLearned,$2E:8DBD,Menu/menu_journal.asm,396,Entry_SongLearned,oracle-of-secrets
Oracle_Entry_DyingDeku,$2E:8EDF,Menu/menu_journal.asm,412,Entry_DyingDeku,oracle-of-secrets
Oracle_Entry_DekuFreed,$2E:9001,Menu/menu_journal.asm,424,Entry_DekuFreed,oracle-of-secrets
Oracle_Entry_DekuMask,$2E:90E3,Menu/menu_journal.asm,434,Entry_DekuMask,oracle-of-secrets
Oracle_Entry_D1Complete,$2E:9205,Menu/menu_journal.asm,450,Entry_D1Complete,oracle-of-secrets
Oracle_Entry_D2Complete,$2E:92C7,Menu/menu_journal.asm,459,Entry_D2Complete,oracle-of-secrets
Oracle_Entry_D3Complete,$2E:9389,Menu/menu_journal.asm,468,Entry_D3Complete,oracle-of-secrets
Oracle_Entry_D4Complete,$2E:944B,Menu/menu_journal.asm,477,Entry_D4Complete,oracle-of-secrets
Oracle_Entry_D5Complete,$2E:950D,Menu/menu_journal.asm,486,Entry_D5Complete,oracle-of-secrets
Oracle_Entry_D6Complete,$2E:95CF,Menu/menu_journal.asm,495,Entry_D6Complete,oracle-of-secrets
Oracle_Entry_D7Complete,$2E:9691,Menu/menu_journal.asm,504,Entry_D7Complete,oracle-of-secrets
Oracle_Entry_ZoraMask,$2E:9753,Menu/menu_journal.asm,517,Entry_ZoraMask,oracle-of-secrets
Oracle_Entry_WolfMask,$2E:9815,Menu/menu_journal.asm,526,Entry_WolfMask,oracle-of-secrets
Oracle_Entry_BunnyHood,$2E:98F7,Menu/menu_journal.asm,536,Entry_BunnyHood,oracle-of-secrets
Oracle_Entry_BeanPlanted,$2E:99D9,Menu/menu_journal.asm,550,Entry_BeanPlanted,oracle-of-secrets
Oracle_Entry_OldManQuest,$2E:9A9B,Menu/menu_journal.asm,559,Entry_OldManQuest,oracle-of-secrets
Oracle_Entry_GoronQuest,$2E:9B9D,Menu/menu_journal.asm,570,Entry_GoronQuest,oracle-of-secrets
Oracle_Menu_DrawJournal,$2E:9C9F,Menu/menu_journal.asm,585,Menu_DrawJournal,oracle-of-secrets
Oracle_Journal_DrawFirstPage,$2E:9CCD,Menu/menu_journal.asm,620,Journal_DrawFirstPage,oracle-of-secrets
Oracle_Journal_DrawMiddlePage,$2E:A507,Menu/menu_journal.asm,650,Journal_DrawMiddlePage,oracle-of-secrets
Oracle_Journal_DrawLastPage,$2E:AD41,Menu/menu_journal.asm,681,Journal_DrawLastPage,oracle-of-secrets
Oracle_OverworldLocationNames,$2D:C1EE,Menu/menu_map_names.asm,1,OverworldLocationNames,oracle-of-secrets
Oracle_DarkWorldLocationNames,$2D:C9EE,Menu/menu_map_names.asm,67,DarkWorldLocationNames,oracle-of-secrets
Oracle_DungeonLocationNames,$2D:D16E,Menu/menu_map_names.asm,134,DungeonLocationNames,oracle-of-secrets
Oracle_Menu_Palette,$2D:8F2F,Menu/menu_palette.asm,15,Menu_Palette,oracle-of-secrets
Oracle_Menu_CheckHScroll,$2D:B416,Menu/menu_scroll.asm,2,Menu_CheckHScroll,oracle-of-secrets
Oracle_Menu_ScrollHorizontal,$2D:B44B,Menu/menu_scroll.asm,36,Menu_ScrollHorizontal,oracle-of-secrets
Oracle_Menu_ItemIndex,$2D:B13A,Menu/menu_select_item.asm,5,Menu_ItemIndex,oracle-of-secrets
Oracle_Menu_AddressIndex,$2D:B153,Menu/menu_select_item.asm,18,Menu_AddressIndex,oracle-of-secrets
Oracle_Menu_ItemCursorPositions,$2D:B16B,Menu/menu_select_item.asm,49,Menu_ItemCursorPositions,oracle-of-secrets
Oracle_Menu_FindNextItem,$2D:B19B,Menu/menu_select_item.asm,84,Menu_FindNextItem,oracle-of-secrets
Oracle_Menu_FindPrevItem,$2D:B1BD,Menu/menu_select_item.asm,105,Menu_FindPrevItem,oracle-of-secrets
Oracle_Menu_FindNextDownItem,$2D:B1DD,Menu/menu_select_item.asm,125,Menu_FindNextDownItem,oracle-of-secrets
Oracle_Menu_FindNextUpItem,$2D:B1FC,Menu/menu_select_item.asm,142,Menu_FindNextUpItem,oracle-of-secrets
Oracle_Menu_DeleteCursor,$2D:B21C,Menu/menu_select_item.asm,162,Menu_DeleteCursor,oracle-of-secrets
Oracle_Menu_DeleteCursor_AltEntry,$2D:B221,Menu/menu_select_item.asm,167,Menu_DeleteCursor_AltEntry,oracle-of-secrets
Oracle_Menu_InitItemScreen,$2D:B242,Menu/menu_select_item.asm,180,Menu_InitItemScreen,oracle-of-secrets
Oracle_Menu_AddressLong,$2D:B288,Menu/menu_select_item.asm,226,Menu_AddressLong,oracle-of-secrets
Oracle_GotoNextItem_Local,$2D:B2A0,Menu/menu_select_item.asm,255,GotoNextItem_Local,oracle-of-secrets
Oracle_DoWeHaveThisItem_Override,$2D:B2AE,Menu/menu_select_item.asm,267,DoWeHaveThisItem_Override,oracle-of-secrets
Oracle_TryEquipNextItem_Override,$2D:B2C0,Menu/menu_select_item.asm,278,TryEquipNextItem_Override,oracle-of-secrets
Oracle_SearchForEquippedItem_Override,$2D:B2CA,Menu/menu_select_item.asm,286,SearchForEquippedItem_Override,oracle-of-secrets
Oracle_ItemMenu_CheckForOwnership,$0D:DEB0,Menu/menu_select_item.asm,328,ItemMenu_CheckForOwnership,oracle-of-secrets
Oracle_SearchForEquippedItem,$0D:E399,Menu/menu_select_item.asm,335,SearchForEquippedItem,oracle-of-secrets
Oracle_TimeLabels,$2D:8338,Menu/menu_text.asm,46,TimeLabels,oracle-of-secrets
Oracle_PlaytimeLabel,$2D:8428,Menu/menu_text.asm,55,PlaytimeLabel,oracle-of-secrets
Oracle_Menu_DrawHourDigit,$2D:843C,Menu/menu_text.asm,58,Menu_DrawHourDigit,oracle-of-secrets
Oracle_Menu_DrawMinuteDigit,$2D:8456,Menu/menu_text.asm,71,Menu_DrawMinuteDigit,oracle-of-secrets
Oracle_Menu_DrawPlaytimeLabel,$2D:8470,Menu/menu_text.asm,84,Menu_DrawPlaytimeLabel,oracle-of-secrets
Oracle_Menu_ItemNames,$2D:848A,Menu/menu_text.asm,108,Menu_ItemNames,oracle-of-secrets
Oracle_Menu_MushroomLabel,$2D:878A,Menu/menu_text.asm,134,Menu_MushroomLabel,oracle-of-secrets
Oracle_Menu_BottleItems,$2D:878A,Menu/menu_text.asm,135,Menu_BottleItems,oracle-of-secrets
Oracle_Menu_GoldstarLabel,$2D:88CA,Menu/menu_text.asm,147,Menu_GoldstarLabel,oracle-of-secrets
Oracle_Menu_PortalRodItems,$2D:88EA,Menu/menu_text.asm,150,Menu_PortalRodItems,oracle-of-secrets
Oracle_Menu_SongNames,$2D:890A,Menu/menu_text.asm,153,Menu_SongNames,oracle-of-secrets
Oracle_Menu_RingNames,$2D:898A,Menu/menu_text.asm,159,Menu_RingNames,oracle-of-secrets
Oracle_Menu_RingDescriptions,$2D:8A4A,Menu/menu_text.asm,167,Menu_RingDescriptions,oracle-of-secrets
Oracle_Menu_RingsFound,$2D:8B0A,Menu/menu_text.asm,175,Menu_RingsFound,oracle-of-secrets
Oracle_Menu_DrawItemName,$2D:8B2A,Menu/menu_text.asm,178,Menu_DrawItemName,oracle-of-secrets
Oracle_DrawPortalRodName,$2D:8BF5,Menu/menu_text.asm,258,DrawPortalRodName,oracle-of-secrets
Oracle_DrawBottleNames,$2D:8C0D,Menu/menu_text.asm,271,DrawBottleNames,oracle-of-secrets
Oracle_DrawMagicRingNames,$2D:8C2E,Menu/menu_text.asm,284,DrawMagicRingNames,oracle-of-secrets
Oracle_Menu_CollectibleNames,$2D:8C8D,Menu/menu_text.asm,315,Menu_CollectibleNames,oracle-of-secrets
Oracle_DrawCollectibleNamesAndCount,$2D:8D4D,Menu/menu_text.asm,323,DrawCollectibleNamesAndCount,oracle-of-secrets
Oracle_DrawGoldstarName,$2D:8DC0,Menu/menu_text.asm,360,DrawGoldstarName,oracle-of-secrets
Oracle_DrawMushroomName,$2D:8DD8,Menu/menu_text.asm,370,DrawMushroomName,oracle-of-secrets
Oracle_DrawLocationName,$2D:8DF0,Menu/menu_text.asm,382,DrawLocationName,oracle-of-secrets
Oracle_Menu_DrawSelect,$2D:8E32,Menu/menu_text.asm,419,Menu_DrawSelect,oracle-of-secrets
Oracle_Menu_DrawQuestStatus,$2D:8E42,Menu/menu_text.asm,433,Menu_DrawQuestStatus,oracle-of-secrets
Oracle_Menu_DrawAreaNameTXT,$2D:8E52,Menu/menu_text.asm,447,Menu_DrawAreaNameTXT,oracle-of-secrets
Oracle_Menu_DrawCharacterName,$2D:8E62,Menu/menu_text.asm,487,Menu_DrawCharacterName,oracle-of-secrets
Oracle_Menu_DrawButtonPrompt,$2D:8F0B,Menu/menu_text.asm,582,Menu_DrawButtonPrompt,oracle-of-secrets
Oracle_Menu_DrawRingBoxPrompt,$2D:8F1D,Menu/menu_text.asm,595,Menu_DrawRingBoxPrompt,oracle-of-secrets
Oracle_ColorDungeonTheme,$1B:9C0F,Music/color_dungeon_theme.asm,15,ColorDungeonTheme,oracle-of-secrets
Oracle_GreatDekuTreeTheme,$1A:A763,Music/deku_theme.asm,12,GreatDekuTreeTheme,oracle-of-secrets
Oracle_LostWoodsTheme,$1A:ADDE,Music/lost_woods.asm,12,LostWoodsTheme,oracle-of-secrets
Oracle_SongOfHealingTheme,$1B:A308,Music/song_of_healing.asm,12,SongOfHealingTheme,oracle-of-secrets
SNES.HCountTimerHigh,$00:4208,Overworld/HardwareRegisters.asm,137,SNES.HCountTimerHigh,oracle-of-secrets
SNES.VCountTimerHigh,$00:420A,Overworld/HardwareRegisters.asm,139,SNES.VCountTimerHigh,oracle-of-secrets
Pool,$28:8000,Overworld/ZSCustomOverworld.asm,383,Pool,oracle-of-secrets
AnimateMirrorWarp_DecompressAnimatedTiles,$00:D8D5,Overworld/ZSCustomOverworld.asm,1413,AnimateMirrorWarp_DecompressAnimatedTiles,oracle-of-secrets
ReadAnimatedTable,$28:9940,Overworld/ZSCustomOverworld.asm,1439,ReadAnimatedTable,oracle-of-secrets
AnimateMirrorWarp_LoadSubscreen,$00:DA63,Overworld/ZSCustomOverworld.asm,1480,AnimateMirrorWarp_LoadSubscreen,oracle-of-secrets
ActivateSubScreen,$28:9966,Overworld/ZSCustomOverworld.asm,1532,ActivateSubScreen,oracle-of-secrets
Palette_InitWhiteFilter_Interupt,$00:EEBB,Overworld/ZSCustomOverworld.asm,1603,Palette_InitWhiteFilter_Interupt,oracle-of-secrets
EraseBGColors,$28:99C4,Overworld/ZSCustomOverworld.asm,1637,EraseBGColors,oracle-of-secrets
MirrorWarp_BuildDewavingHDMATable_Interupt,$00:FF7C,Overworld/ZSCustomOverworld.asm,1653,MirrorWarp_BuildDewavingHDMATable_Interupt,oracle-of-secrets
PreOverworld_LoadProperties_Interupt,$02:83EE,Overworld/ZSCustomOverworld.asm,1734,PreOverworld_LoadProperties_Interupt,oracle-of-secrets
Overworld_LoadMusicIfNeeded,$02:84D4,Overworld/ZSCustomOverworld.asm,1891,Overworld_LoadMusicIfNeeded,oracle-of-secrets
Credits_LoadScene_Overworld_PrepGFX_Interupt,$02:8632,Overworld/ZSCustomOverworld.asm,1992,Credits_LoadScene_Overworld_PrepGFX_Interupt,oracle-of-secrets
Spotlight_ConfigureTableAndControl_Interupt,$02:9A37,Overworld/ZSCustomOverworld.asm,2066,Spotlight_ConfigureTableAndControl_Interupt,oracle-of-secrets
Overworld_ReloadSubscreenOverlay_Interupt,$02:AF58,Overworld/ZSCustomOverworld.asm,2191,Overworld_ReloadSubscreenOverlay_Interupt,oracle-of-secrets
Func02B2D4,$02:B2D4,Overworld/ZSCustomOverworld.asm,2477,Func02B2D4,oracle-of-secrets
EnableSubScreenCheckForPyramid,$28:99D8,Overworld/ZSCustomOverworld.asm,2499,EnableSubScreenCheckForPyramid,oracle-of-secrets
MirrorWarp_LoadSpritesAndColors_Interupt,$02:B391,Overworld/ZSCustomOverworld.asm,2524,MirrorWarp_LoadSpritesAndColors_Interupt,oracle-of-secrets
Overworld_OperateCameraScroll_Interupt,$02:BC44,Overworld/ZSCustomOverworld.asm,2605,Overworld_OperateCameraScroll_Interupt,oracle-of-secrets
ReadOverlayArray,$28:99EF,Overworld/ZSCustomOverworld.asm,2631,ReadOverlayArray,oracle-of-secrets
BGControl,$28:99FB,Overworld/ZSCustomOverworld.asm,2646,BGControl,oracle-of-secrets
OverworldScrollTransition_Interupt,$02:C02D,Overworld/ZSCustomOverworld.asm,2683,OverworldScrollTransition_Interupt,oracle-of-secrets
ReadOverlayArray2,$28:9A0E,Overworld/ZSCustomOverworld.asm,2718,ReadOverlayArray2,oracle-of-secrets
Overworld_LoadAreaPalettes,$02:C692,Overworld/ZSCustomOverworld.asm,2752,Overworld_LoadAreaPalettes,oracle-of-secrets
RainAnimation,$02:A4CD,Overworld/ZSCustomOverworld.asm,2840,RainAnimation,oracle-of-secrets
NewOverworld_FinishTransGfx,$28:9A1E,Overworld/ZSCustomOverworld.asm,2940,NewOverworld_FinishTransGfx,oracle-of-secrets
BlockGFXCheck,$28:9A9D,Overworld/ZSCustomOverworld.asm,3057,BlockGFXCheck,oracle-of-secrets
CheckForChangeGraphicsTransitionLoad,$28:9B70,Overworld/ZSCustomOverworld.asm,3155,CheckForChangeGraphicsTransitionLoad,oracle-of-secrets
CheckForChangeGraphicsTransitionLoadRetrun,$28:9C4D,Overworld/ZSCustomOverworld.asm,3307,CheckForChangeGraphicsTransitionLoadRetrun,oracle-of-secrets
SkipOverworld_FinishTransGfx_firstHalf,$28:9C4E,Overworld/ZSCustomOverworld.asm,3311,SkipOverworld_FinishTransGfx_firstHalf,oracle-of-secrets
Palette_OverworldBgMain2,$28:9C51,Overworld/ZSCustomOverworld.asm,3322,Palette_OverworldBgMain2,oracle-of-secrets
Palette_MultiLoad_NonBuffer,$28:9C72,Overworld/ZSCustomOverworld.asm,3353,Palette_MultiLoad_NonBuffer,oracle-of-secrets
LoadTransMainGFX,$28:9CB0,Overworld/ZSCustomOverworld.asm,3402,LoadTransMainGFX,oracle-of-secrets
PrepTransMainGFX,$28:9D48,Overworld/ZSCustomOverworld.asm,3492,PrepTransMainGFX,oracle-of-secrets
CheckForChangeGraphicsNormalLoad,$28:9D69,Overworld/ZSCustomOverworld.asm,3538,CheckForChangeGraphicsNormalLoad,oracle-of-secrets
BirdTravel_LoadTargetArea_Interupt,$0A:B8F5,Overworld/ZSCustomOverworld.asm,3574,BirdTravel_LoadTargetArea_Interupt,oracle-of-secrets
LoadAmbientSound,$28:9D7F,Overworld/ZSCustomOverworld.asm,3635,LoadAmbientSound,oracle-of-secrets
Overworld_LoadBGColorAndSubscreenOverlay,$0B:FEB6,Overworld/ZSCustomOverworld.asm,3682,Overworld_LoadBGColorAndSubscreenOverlay,oracle-of-secrets
ReplaceBGColor,$28:9DB6,Overworld/ZSCustomOverworld.asm,3840,ReplaceBGColor,oracle-of-secrets
SpecialBgHorizOffsetAdjustment,$28:9DFA,Overworld/ZSCustomOverworld.asm,3904,SpecialBgHorizOffsetAdjustment,oracle-of-secrets
InitColorLoad2_Return,$0E:D652,Overworld/ZSCustomOverworld.asm,3961,InitColorLoad2_Return,oracle-of-secrets
InitColorLoad2,$28:9E3F,Overworld/ZSCustomOverworld.asm,3965,InitColorLoad2,oracle-of-secrets
Palette_RestoreFixedColor_Interupt,$0E:D8AE,Overworld/ZSCustomOverworld.asm,4005,Palette_RestoreFixedColor_Interupt,oracle-of-secrets
LoadTransAuxGFX_return,$00:D677,Overworld/ZSCustomOverworld.asm,4074,LoadTransAuxGFX_return,oracle-of-secrets
Decomp_bg_variableLONG,$00:D585,Overworld/ZSCustomOverworld.asm,4088,Decomp_bg_variableLONG,oracle-of-secrets
Do3To4Low16BitLONG,$00:D58D,Overworld/ZSCustomOverworld.asm,4099,Do3To4Low16BitLONG,oracle-of-secrets
Do3To4High16BitLONG,$00:D595,Overworld/ZSCustomOverworld.asm,4110,Do3To4High16BitLONG,oracle-of-secrets
NMI_UpdateChr_Bg2HalfAndAnimated,$00:D59D,Overworld/ZSCustomOverworld.asm,4121,NMI_UpdateChr_Bg2HalfAndAnimated,oracle-of-secrets
NewLoadTransAuxGFX,$28:9E64,Overworld/ZSCustomOverworld.asm,4152,NewLoadTransAuxGFX,oracle-of-secrets
NMI_UpdateChr_Bg2HalfAndAnimatedLONG,$28:9F23,Overworld/ZSCustomOverworld.asm,4263,NMI_UpdateChr_Bg2HalfAndAnimatedLONG,oracle-of-secrets
NewPrepTransAuxGFX,$28:9F7C,Overworld/ZSCustomOverworld.asm,4319,NewPrepTransAuxGFX,oracle-of-secrets
InitTilesetsLongCalls,$28:9F85,Overworld/ZSCustomOverworld.asm,4378,InitTilesetsLongCalls,oracle-of-secrets
AnimateMirrorWarp_DecompressNewTileSetsLongCalls,$28:A04D,Overworld/ZSCustomOverworld.asm,4489,AnimateMirrorWarp_DecompressNewTileSetsLongCalls,oracle-of-secrets
AnimateMirrorWarp_DecompressNewTileSetsLongCalls2,$28:A0AD,Overworld/ZSCustomOverworld.asm,4536,AnimateMirrorWarp_DecompressNewTileSetsLongCalls2,oracle-of-secrets
AnimateMirrorWarp_DecompressBackgroundsALongCalls,$28:A0EA,Overworld/ZSCustomOverworld.asm,4569,AnimateMirrorWarp_DecompressBackgroundsALongCalls,oracle-of-secrets
AnimateMirrorWarp_DecompressBackgroundsCLongCalls,$28:A127,Overworld/ZSCustomOverworld.asm,4602,AnimateMirrorWarp_DecompressBackgroundsCLongCalls,oracle-of-secrets
Whirlpool_LoadDestinationMap_Interupt,$28:A167,Overworld/ZSCustomOverworld.asm,4654,Whirlpool_LoadDestinationMap_Interupt,oracle-of-secrets
OverworldHandleTransitions,$02:A9C4,Overworld/ZSCustomOverworld.asm,4671,OverworldHandleTransitions,oracle-of-secrets
OverworldScreenTileMapChange,$02:A62C,Overworld/ZSCustomOverworld.asm,4856,OverworldScreenTileMapChange,oracle-of-secrets
OverworldScreenIDChange,$02:A634,Overworld/ZSCustomOverworld.asm,4876,OverworldScreenIDChange,oracle-of-secrets
OverworldMixedCoordsChange,$02:A63C,Overworld/ZSCustomOverworld.asm,4886,OverworldMixedCoordsChange,oracle-of-secrets
Overworld_HandleOverlaysAndBombDoors_bombable_door_location_New,$02:A644,Overworld/ZSCustomOverworld.asm,4896,Overworld_HandleOverlaysAndBombDoors_bombable_door_location_New,oracle-of-secrets
OverworldData_HiddenItems_New,$02:A784,Overworld/ZSCustomOverworld.asm,4906,OverworldData_HiddenItems_New,oracle-of-secrets
OverworldHandleTransitions_ByScreenAddresses,$28:A16F,Overworld/ZSCustomOverworld.asm,4967,OverworldHandleTransitions_ByScreenAddresses,oracle-of-secrets
Overworld_SetCameraBounds_Interupt,$02:C0C3,Overworld/ZSCustomOverworld.asm,4984,Overworld_SetCameraBounds_Interupt,oracle-of-secrets
NewOverworld_SetCameraBounds,$28:A177,Overworld/ZSCustomOverworld.asm,5011,NewOverworld_SetCameraBounds,oracle-of-secrets
Hookshot_IsCollisionCheckFutile_Interupt,$08:FA49,Overworld/ZSCustomOverworld.asm,5084,Hookshot_IsCollisionCheckFutile_Interupt,oracle-of-secrets
Overworld_LoadMapProperties_Interupt,$02:AB0D,Overworld/ZSCustomOverworld.asm,5119,Overworld_LoadMapProperties_Interupt,oracle-of-secrets
Copy0716,$28:A1E3,Overworld/ZSCustomOverworld.asm,5224,Copy0716,oracle-of-secrets
AreaSizeCheck,$28:A1EC,Overworld/ZSCustomOverworld.asm,5232,AreaSizeCheck,oracle-of-secrets
LoadOverworldSprites_Interupt,$09:C4C7,Overworld/ZSCustomOverworld.asm,5265,LoadOverworldSprites_Interupt,oracle-of-secrets
Pool_BufferAndBuildMap16Stripes_overworldScreenSize,$02:F88D,Overworld/ZSCustomOverworld.asm,5336,Pool_BufferAndBuildMap16Stripes_overworldScreenSize,oracle-of-secrets
LoadSpecialOverworld_Interupt,$02:E931,Overworld/ZSCustomOverworld.asm,5465,LoadSpecialOverworld_Interupt,oracle-of-secrets
SetupSpecialCameraBounds,$28:A22D,Overworld/ZSCustomOverworld.asm,5545,SetupSpecialCameraBounds,oracle-of-secrets
Overworld_PlayerControl_Interupt,$02:A5D3,Overworld/ZSCustomOverworld.asm,5610,Overworld_PlayerControl_Interupt,oracle-of-secrets
Sprite_LoadGfxProperties_Interupt,$28:A2B4,Overworld/ZSCustomOverworld.asm,5713,Sprite_LoadGfxProperties_Interupt,oracle-of-secrets
Overworld_RevealSecret_Interupt,$1B:C8B4,Overworld/ZSCustomOverworld.asm,5741,Overworld_RevealSecret_Interupt,oracle-of-secrets
Link_Read_Interupt,$28:A2CB,Overworld/ZSCustomOverworld.asm,5776,Link_Read_Interupt,oracle-of-secrets
Overworld_LoadMapData_Interupt,$02:EF44,Overworld/ZSCustomOverworld.asm,5796,Overworld_LoadMapData_Interupt,oracle-of-secrets
Oracle_CheckForChangeGraphicsNormalLoadBoat,$34:9386,Overworld/custom_gfx.asm,1,CheckForChangeGraphicsNormalLoadBoat,oracle-of-secrets
Oracle_ApplyGraphics1,$34:9397,Overworld/custom_gfx.asm,25,ApplyGraphics1,oracle-of-secrets
Oracle_BoatBitmap,$34:93C3,Overworld/custom_gfx.asm,30,BoatBitmap,oracle-of-secrets
Oracle_ApplyGraphics2,$34:B3C3,Overworld/custom_gfx.asm,34,ApplyGraphics2,oracle-of-secrets
Oracle_AdditionalBitmap,$34:B3EF,Overworld/custom_gfx.asm,39,AdditionalBitmap,oracle-of-secrets
Oracle_ApplyKorokSpriteSheets,$34:D3EF,Overworld/custom_gfx.asm,43,ApplyKorokSpriteSheets,oracle-of-secrets
Oracle_KorokSpriteSheets,$34:D425,Overworld/custom_gfx.asm,60,KorokSpriteSheets,oracle-of-secrets
Oracle_Overworld_UseEntranceEntry,$34:913F,Overworld/entrances.asm,19,Overworld_UseEntranceEntry,oracle-of-secrets
Oracle_Overworld_UseEntrance,$34:9148,Overworld/entrances.asm,27,Overworld_UseEntrance,oracle-of-secrets
Oracle_FindEntrance,$34:9258,Overworld/entrances.asm,155,FindEntrance,oracle-of-secrets
Oracle_ValidDoorTypesExpanded_low,$34:92CE,Overworld/entrances.asm,227,ValidDoorTypesExpanded_low,oracle-of-secrets
Oracle_ValidDoorTypesExpanded_high,$34:932A,Overworld/entrances.asm,241,ValidDoorTypesExpanded_high,oracle-of-secrets
Oracle_ValidDoorTypes_low,$1B:B8BF,Overworld/entrances.asm,262,ValidDoorTypes_low,oracle-of-secrets
Oracle_ValidDoorTypes_high,$1B:B917,Overworld/entrances.asm,277,ValidDoorTypes_high,oracle-of-secrets
Oracle_LostWoods,$A0:F000,Overworld/lost_woods.asm,28,LostWoods,oracle-of-secrets
Oracle_normalfinish,$A0:F00E,Overworld/lost_woods.asm,38,normalfinish,oracle-of-secrets
Oracle_begincode,$A0:F016,Overworld/lost_woods.asm,45,begincode,oracle-of-secrets
Oracle_combo1,$A0:F02A,Overworld/lost_woods.asm,56,combo1,oracle-of-secrets
Oracle_combo2,$A0:F037,Overworld/lost_woods.asm,62,combo2,oracle-of-secrets
Oracle_combo3,$A0:F044,Overworld/lost_woods.asm,68,combo3,oracle-of-secrets
Oracle_RESOLVE_INCORRECT,$A0:F04F,Overworld/lost_woods.asm,74,RESOLVE_INCORRECT,oracle-of-secrets
Oracle_DOWN_CORRECT,$A0:F059,Overworld/lost_woods.asm,79,DOWN_CORRECT,oracle-of-secrets
Oracle_CASE_DOWN,$A0:F05C,Overworld/lost_woods.asm,82,CASE_DOWN,oracle-of-secrets
Oracle_UP_CORRECT,$A0:F07F,Overworld/lost_woods.asm,101,UP_CORRECT,oracle-of-secrets
Oracle_CASE_UP,$A0:F082,Overworld/lost_woods.asm,104,CASE_UP,oracle-of-secrets
Oracle_LEFT_CORRECT,$A0:F0A5,Overworld/lost_woods.asm,124,LEFT_CORRECT,oracle-of-secrets
Oracle_CASE_LEFT,$A0:F0A8,Overworld/lost_woods.asm,127,CASE_LEFT,oracle-of-secrets
Oracle_all,$A0:F0C6,Overworld/lost_woods.asm,142,all,oracle-of-secrets
Oracle_LostWoods_ResetCoordinates,$A0:F0C9,Overworld/lost_woods.asm,149,LostWoods_ResetCoordinates,oracle-of-secrets
Oracle_LostWoods_RecalculateScroll,$A0:F139,Overworld/lost_woods.asm,240,LostWoods_RecalculateScroll,oracle-of-secrets
Oracle_ShakeScreen,$34:84A3,Overworld/overlays.asm,42,ShakeScreen,oracle-of-secrets
Oracle_ZoraTemple_EntranceAnimation,$34:84BD,Overworld/overlays.asm,55,ZoraTemple_EntranceAnimation,oracle-of-secrets
Oracle_Frame0,$34:850F,Overworld/overlays.asm,92,Frame0,oracle-of-secrets
Oracle_Frame1,$34:85A1,Overworld/overlays.asm,146,Frame1,oracle-of-secrets
Oracle_Frame2,$34:8636,Overworld/overlays.asm,201,Frame2,oracle-of-secrets
Oracle_Frame3,$34:86C8,Overworld/overlays.asm,255,Frame3,oracle-of-secrets
Oracle_Frame4,$34:876E,Overworld/overlays.asm,315,Frame4,oracle-of-secrets
Oracle_Frame5,$34:87EF,Overworld/overlays.asm,364,Frame5,oracle-of-secrets
Oracle_Frame6,$34:88B1,Overworld/overlays.asm,432,Frame6,oracle-of-secrets
Oracle_Frame7,$34:896E,Overworld/overlays.asm,499,Frame7,oracle-of-secrets
Oracle_Frame8,$34:8A30,Overworld/overlays.asm,567,Frame8,oracle-of-secrets
Oracle_Castle_EntranceAnimation,$34:8A62,Overworld/overlays.asm,595,Castle_EntranceAnimation,oracle-of-secrets
Oracle_Castle_EndAnimation,$34:8A94,Overworld/overlays.asm,618,Castle_EndAnimation,oracle-of-secrets
Oracle_Castle_RestoreCamera,$34:8AC4,Overworld/overlays.asm,641,Castle_RestoreCamera,oracle-of-secrets
Oracle_Castle_Frame0,$34:8AE5,Overworld/overlays.asm,658,Castle_Frame0,oracle-of-secrets
Oracle_Castle_Frame1,$34:8B7F,Overworld/overlays.asm,715,Castle_Frame1,oracle-of-secrets
Oracle_Castle_Frame2,$34:8C69,Overworld/overlays.asm,796,Castle_Frame2,oracle-of-secrets
Oracle_Castle_Frame3,$34:8CAE,Overworld/overlays.asm,827,Castle_Frame3,oracle-of-secrets
Oracle_TailPalace_EntranceAnimation,$34:8D1B,Overworld/overlays.asm,873,TailPalace_EntranceAnimation,oracle-of-secrets
Oracle_TailPalace_Frame0,$34:8D29,Overworld/overlays.asm,884,TailPalace_Frame0,oracle-of-secrets
Oracle_TailPalace_Frame1,$34:8D4D,Overworld/overlays.asm,905,TailPalace_Frame1,oracle-of-secrets
Oracle_TailPalace_Frame2,$34:8D71,Overworld/overlays.asm,926,TailPalace_Frame2,oracle-of-secrets
Oracle_Goron_EntranceAnimation,$34:8DC8,Overworld/overlays.asm,968,Goron_EntranceAnimation,oracle-of-secrets
Oracle_Goron_Frame0,$34:8DDA,Overworld/overlays.asm,981,Goron_Frame0,oracle-of-secrets
Oracle_Goron_Frame1,$34:8E06,Overworld/overlays.asm,1001,Goron_Frame1,oracle-of-secrets
Oracle_Goron_Frame2,$34:8E2D,Overworld/overlays.asm,1020,Goron_Frame2,oracle-of-secrets
Oracle_Goron_Frame3,$34:8E63,Overworld/overlays.asm,1043,Goron_Frame3,oracle-of-secrets
Oracle_Goron_Frame4,$34:8E91,Overworld/overlays.asm,1064,Goron_Frame4,oracle-of-secrets
Oracle_Fortress_EntranceAnimation,$34:8EE3,Overworld/overlays.asm,1101,Fortress_EntranceAnimation,oracle-of-secrets
Oracle_Fortress_SFX,$34:8EF5,Overworld/overlays.asm,1114,Fortress_SFX,oracle-of-secrets
Oracle_Fortress_Frame0,$34:8F05,Overworld/overlays.asm,1127,Fortress_Frame0,oracle-of-secrets
Oracle_Fortress_Frame1,$34:8F75,Overworld/overlays.asm,1170,Fortress_Frame1,oracle-of-secrets
Oracle_Fortress_Frame2,$34:8FE5,Overworld/overlays.asm,1213,Fortress_Frame2,oracle-of-secrets
Oracle_Fortress_Frame3,$34:9055,Overworld/overlays.asm,1256,Fortress_Frame3,oracle-of-secrets
Oracle_Fortress_Frame4,$34:90C2,Overworld/overlays.asm,1298,Fortress_Frame4,oracle-of-secrets
Oracle_LoadDarkWorldIntro,$34:F5A8,Overworld/overworld.asm,79,LoadDarkWorldIntro,oracle-of-secrets
Oracle_LoadOverworldPitAreas,$34:F5DE,Overworld/overworld.asm,117,LoadOverworldPitAreas,oracle-of-secrets
Oracle_EXIT_0EF581,$0E:F581,Overworld/overworld.asm,142,EXIT_0EF581,oracle-of-secrets
Oracle_Palettes_GanonTowerFlash,$0E:F531,Overworld/overworld.asm,152,Palettes_GanonTowerFlash,oracle-of-secrets
Overworld_CheckForSpecialOverworldTrigger,$0E:DE49,Overworld/special_areas.asm,9,Overworld_CheckForSpecialOverworldTrigger,oracle-of-secrets
SpecialOverworld_CheckForReturnTrigger,$0E:DEE3,Overworld/special_areas.asm,166,SpecialOverworld_CheckForReturnTrigger,oracle-of-secrets
Oracle_HUD_ClockDisplay,$34:8000,Overworld/time_system.asm,23,HUD_ClockDisplay,oracle-of-secrets
Oracle_LogoFadeInSetClock,$34:8013,Overworld/time_system.asm,40,LogoFadeInSetClock,oracle-of-secrets
Oracle_ResetClockTriforceRoom,$34:8024,Overworld/time_system.asm,52,ResetClockTriforceRoom,oracle-of-secrets
Oracle_DrawClockToHudLong,$34:8035,Overworld/time_system.asm,60,DrawClockToHudLong,oracle-of-secrets
Oracle_DrawClockToHud,$34:8039,Overworld/time_system.asm,66,DrawClockToHud,oracle-of-secrets
Oracle_RunClock,$34:808A,Overworld/time_system.asm,101,RunClock,oracle-of-secrets
Oracle_TimeSystem_CheckCanRun,$34:809E,Overworld/time_system.asm,116,TimeSystem_CheckCanRun,oracle-of-secrets
Oracle_TimeSystem_UpdateGBCLink,$34:80D0,Overworld/time_system.asm,148,TimeSystem_UpdateGBCLink,oracle-of-secrets
Oracle_TimeSystem_IncrementTime,$34:80EA,Overworld/time_system.asm,161,TimeSystem_IncrementTime,oracle-of-secrets
Oracle_TimeSystem_UpdatePalettes,$34:8123,Overworld/time_system.asm,185,TimeSystem_UpdatePalettes,oracle-of-secrets
Oracle_CheckForSongOfTime,$34:814A,Overworld/time_system.asm,207,CheckForSongOfTime,oracle-of-secrets
Oracle_CheckForDailyQuests,$34:8183,Overworld/time_system.asm,231,CheckForDailyQuests,oracle-of-secrets
Oracle_CheckIfNight,$34:81C1,Overworld/time_system.asm,253,CheckIfNight,oracle-of-secrets
Oracle_CheckIfNight16Bit,$34:81E7,Overworld/time_system.asm,271,CheckIfNight16Bit,oracle-of-secrets
Oracle_PaletteBufferToEffective,$02:FF80,Overworld/time_system.asm,311,PaletteBufferToEffective,oracle-of-secrets
Oracle_RomToPaletteBuffer,$02:FF84,Overworld/time_system.asm,324,RomToPaletteBuffer,oracle-of-secrets
Oracle_LoadDayNightPaletteEffect,$34:8225,Overworld/time_system.asm,354,LoadDayNightPaletteEffect,oracle-of-secrets
Oracle_ColorSubEffect,$34:827B,Overworld/time_system.asm,396,ColorSubEffect,oracle-of-secrets
Oracle_BackgroundFix,$34:8394,Overworld/time_system.asm,462,BackgroundFix,oracle-of-secrets
Oracle_MosaicFix,$34:83AB,Overworld/time_system.asm,474,MosaicFix,oracle-of-secrets
Oracle_SubAreasFix,$34:83BA,Overworld/time_system.asm,484,SubAreasFix,oracle-of-secrets
Oracle_GlovesFix,$34:83D3,Overworld/time_system.asm,501,GlovesFix,oracle-of-secrets
Oracle_ColorBgFix,$34:83F2,Overworld/time_system.asm,517,ColorBgFix,oracle-of-secrets
Oracle_LoadPeacetimeSprites,$34:841C,Overworld/time_system.asm,548,LoadPeacetimeSprites,oracle-of-secrets
Oracle_FixSaveAndQuit,$34:8449,Overworld/time_system.asm,570,FixSaveAndQuit,oracle-of-secrets
Oracle_FixShockPalette,$34:8454,Overworld/time_system.asm,577,FixShockPalette,oracle-of-secrets
Oracle_FixDungeonMapColors,$34:846B,Overworld/time_system.asm,593,FixDungeonMapColors,oracle-of-secrets
Oracle_RestoreTimeForDungeonMap,$34:848E,Overworld/time_system.asm,607,RestoreTimeForDungeonMap,oracle-of-secrets
Oracle_DrawWisdomPendant,$34:F425,Overworld/world_map.asm,10,DrawWisdomPendant,oracle-of-secrets
Oracle_DrawPowerPendant,$34:F450,Overworld/world_map.asm,27,DrawPowerPendant,oracle-of-secrets
Oracle_DrawCouragePendant,$34:F47B,Overworld/world_map.asm,44,DrawCouragePendant,oracle-of-secrets
Oracle_DrawMasterSwordIcon,$34:F4A6,Overworld/world_map.asm,61,DrawMasterSwordIcon,oracle-of-secrets
Oracle_DrawFortressOfSecretsIcon,$34:F4D1,Overworld/world_map.asm,78,DrawFortressOfSecretsIcon,oracle-of-secrets
Oracle_DrawFinalBossIcon,$34:F4FC,Overworld/world_map.asm,96,DrawFinalBossIcon,oracle-of-secrets
Oracle_DrawHallOfSecretsIcon,$34:F527,Overworld/world_map.asm,113,DrawHallOfSecretsIcon,oracle-of-secrets
Oracle_DrawPyramidIcon,$34:F552,Overworld/world_map.asm,130,DrawPyramidIcon,oracle-of-secrets
Oracle_DrawEonEscapeIcon,$34:F57D,Overworld/world_map.asm,147,DrawEonEscapeIcon,oracle-of-secrets
Oracle_MapIconDraw,$0A:BF90,Overworld/world_map.asm,167,MapIconDraw,oracle-of-secrets
Oracle_HandleMapDrawIcon,$0A:C1BC,Overworld/world_map.asm,355,HandleMapDrawIcon,oracle-of-secrets
Oracle_FixMaskPaletteOnExit,$0A:C1DA,Overworld/world_map.asm,372,FixMaskPaletteOnExit,oracle-of-secrets
Oracle_restore_coords_and_exit,$0A:C38A,Overworld/world_map.asm,388,restore_coords_and_exit,oracle-of-secrets
Oracle_WorldMap_CalculateOAMCoordinates,$0A:C39F,Overworld/world_map.asm,397,WorldMap_CalculateOAMCoordinates,oracle-of-secrets
Oracle_LWWorldMap_Tiles,$40:8000,Overworld/world_map.asm,424,LWWorldMap_Tiles,oracle-of-secrets
Oracle_LWWorldMap_Gfx,$40:9000,Overworld/world_map.asm,427,LWWorldMap_Gfx,oracle-of-secrets
Oracle_DWWorldMap_Tiles,$41:8000,Overworld/world_map.asm,431,DWWorldMap_Tiles,oracle-of-secrets
Oracle_DWWorldMap_Gfx,$41:9000,Overworld/world_map.asm,434,DWWorldMap_Gfx,oracle-of-secrets
Oracle_DMAOwMap,$41:D001,Overworld/world_map.asm,437,DMAOwMap,oracle-of-secrets
Oracle_DMAOwMapGfx,$41:D0C2,Overworld/world_map.asm,573,DMAOwMapGfx,oracle-of-secrets
Oracle_DWPalettes,$0A:DC27,Overworld/world_map.asm,628,DWPalettes,oracle-of-secrets
Oracle_Sprite3_Move,$1E:7F21,Sprites/Bosses/arrghus.asm,4,Sprite3_Move,oracle-of-secrets
Oracle_Arrghus_ApproachTargetSpeed,$1E:B593,Sprites/Bosses/arrghus.asm,8,Arrghus_ApproachTargetSpeed,oracle-of-secrets
Oracle_AdvancedArrghus,$32:FB21,Sprites/Bosses/arrghus.asm,17,AdvancedArrghus,oracle-of-secrets
Oracle_Sprite_DarkLink_Long,$31:B6C8,Sprites/Bosses/dark_link.asm,35,Sprite_DarkLink_Long,oracle-of-secrets
Oracle_Sprite_DarkLink_Prep,$31:B739,Sprites/Bosses/dark_link.asm,91,Sprite_DarkLink_Prep,oracle-of-secrets
Oracle_DarkLink_Palette,$31:B76A,Sprites/Bosses/dark_link.asm,121,DarkLink_Palette,oracle-of-secrets
Oracle_Sprite_DarkLink_Main,$31:B77A,Sprites/Bosses/dark_link.asm,126,Sprite_DarkLink_Main,oracle-of-secrets
Oracle_Handler,$31:B7A1,Sprites/Bosses/dark_link.asm,147,Handler,oracle-of-secrets
Oracle_ActionJumpTable,$31:BA39,Sprites/Bosses/dark_link.asm,404,ActionJumpTable,oracle-of-secrets
Oracle_Bomb,$31:BA41,Sprites/Bosses/dark_link.asm,412,Bomb,oracle-of-secrets
Oracle_BombThrow,$31:BA67,Sprites/Bosses/dark_link.asm,433,BombThrow,oracle-of-secrets
Oracle_Cape,$31:BAA0,Sprites/Bosses/dark_link.asm,461,Cape,oracle-of-secrets
Oracle_Walk,$31:BAB9,Sprites/Bosses/dark_link.asm,472,Walk,oracle-of-secrets
Oracle_JumpAttack,$31:BADF,Sprites/Bosses/dark_link.asm,487,JumpAttack,oracle-of-secrets
Oracle_SpawnSwordDamage,$31:BB02,Sprites/Bosses/dark_link.asm,503,SpawnSwordDamage,oracle-of-secrets
Oracle_DirOffsetX,$31:BB46,Sprites/Bosses/dark_link.asm,528,DirOffsetX,oracle-of-secrets
Oracle_DirOffsetY,$31:BB4A,Sprites/Bosses/dark_link.asm,530,DirOffsetY,oracle-of-secrets
Oracle_SwordSlash,$31:BB4E,Sprites/Bosses/dark_link.asm,534,SwordSlash,oracle-of-secrets
Oracle_JumpBack,$31:BC4F,Sprites/Bosses/dark_link.asm,622,JumpBack,oracle-of-secrets
Oracle_JumpAttackUp,$31:BC6B,Sprites/Bosses/dark_link.asm,641,JumpAttackUp,oracle-of-secrets
Oracle_JumpAttackDown,$31:BCD5,Sprites/Bosses/dark_link.asm,693,JumpAttackDown,oracle-of-secrets
Oracle_JumpAttackPrep,$31:BD10,Sprites/Bosses/dark_link.asm,722,JumpAttackPrep,oracle-of-secrets
Oracle_JumpAttackShake,$31:BD20,Sprites/Bosses/dark_link.asm,733,JumpAttackShake,oracle-of-secrets
Oracle_CrumbleSpr,$31:BD96,Sprites/Bosses/dark_link.asm,782,CrumbleSpr,oracle-of-secrets
Oracle_CrumbleSprX,$31:BD9A,Sprites/Bosses/dark_link.asm,785,CrumbleSprX,oracle-of-secrets
Oracle_CrumbleSprY,$31:BD9E,Sprites/Bosses/dark_link.asm,788,CrumbleSprY,oracle-of-secrets
Oracle_WalkAction,$31:BDA2,Sprites/Bosses/dark_link.asm,791,WalkAction,oracle-of-secrets
Oracle_speedTableX,$31:BE1B,Sprites/Bosses/dark_link.asm,842,speedTableX,oracle-of-secrets
Oracle_speedTableY,$31:BE1F,Sprites/Bosses/dark_link.asm,844,speedTableY,oracle-of-secrets
Oracle_Damaged,$31:BE23,Sprites/Bosses/dark_link.asm,847,Damaged,oracle-of-secrets
Oracle_RecoilSword,$31:BE6C,Sprites/Bosses/dark_link.asm,890,RecoilSword,oracle-of-secrets
Oracle_SwordSubtype,$31:BE84,Sprites/Bosses/dark_link.asm,903,SwordSubtype,oracle-of-secrets
Oracle_DyingSpin,$31:BE95,Sprites/Bosses/dark_link.asm,914,DyingSpin,oracle-of-secrets
Oracle_dyingframes,$31:BED3,Sprites/Bosses/dark_link.asm,938,dyingframes,oracle-of-secrets
Oracle_DeadDespawn,$31:BED7,Sprites/Bosses/dark_link.asm,941,DeadDespawn,oracle-of-secrets
Oracle_OpenDoor,$31:BEF8,Sprites/Bosses/dark_link.asm,962,OpenDoor,oracle-of-secrets
Oracle_Dead,$31:BF15,Sprites/Bosses/dark_link.asm,977,Dead,oracle-of-secrets
Oracle_Enraging,$31:BF1B,Sprites/Bosses/dark_link.asm,984,Enraging,oracle-of-secrets
Oracle_dlinkPalRed,$31:BF46,Sprites/Bosses/dark_link.asm,1007,dlinkPalRed,oracle-of-secrets
Oracle_Sprite_DarkLink_Draw,$31:BF56,Sprites/Bosses/dark_link.asm,1013,Sprite_DarkLink_Draw,oracle-of-secrets
Oracle_GanonInit,$31:C546,Sprites/Bosses/dark_link.asm,1514,GanonInit,oracle-of-secrets
Oracle_Sprite_Ganon_Main,$31:C570,Sprites/Bosses/dark_link.asm,1532,Sprite_Ganon_Main,oracle-of-secrets
Oracle_Wait,$31:C581,Sprites/Bosses/dark_link.asm,1542,Wait,oracle-of-secrets
Oracle_ShowMessage,$31:C59C,Sprites/Bosses/dark_link.asm,1553,ShowMessage,oracle-of-secrets
Oracle_Fall,$31:C5AC,Sprites/Bosses/dark_link.asm,1562,Fall,oracle-of-secrets
Oracle_FellWait,$31:C5C4,Sprites/Bosses/dark_link.asm,1573,FellWait,oracle-of-secrets
Oracle_FadingAwait,$31:C5D4,Sprites/Bosses/dark_link.asm,1582,FadingAwait,oracle-of-secrets
Oracle_Sprite_Ganon_Draw,$31:C5DD,Sprites/Bosses/dark_link.asm,1593,Sprite_Ganon_Draw,oracle-of-secrets
Oracle_ApplyDarkLinkGraphics,$31:C707,Sprites/Bosses/dark_link.asm,1679,ApplyDarkLinkGraphics,oracle-of-secrets
Oracle_DarkLinkGraphics,$31:C73F,Sprites/Bosses/dark_link.asm,1697,DarkLinkGraphics,oracle-of-secrets
Oracle_KingDodongo_NewHealthSystem,$32:FB06,Sprites/Bosses/king_dodongo.asm,7,KingDodongo_NewHealthSystem,oracle-of-secrets
Oracle_Sprite_Kydreeok_Long,$32:A8B4,Sprites/Bosses/kydreeok.asm,35,Sprite_Kydreeok_Long,oracle-of-secrets
Oracle_Sprite_Kydreeok_Prep,$32:A8D3,Sprites/Bosses/kydreeok.asm,51,Sprite_Kydreeok_Prep,oracle-of-secrets
Oracle_Sprite_Kydreeok_CheckIfDead,$32:A911,Sprites/Bosses/kydreeok.asm,80,Sprite_Kydreeok_CheckIfDead,oracle-of-secrets
Oracle_MaybeRespawnHead,$32:A955,Sprites/Bosses/kydreeok.asm,108,MaybeRespawnHead,oracle-of-secrets
Oracle_Sprite_Kydreeok_Main,$32:A97E,Sprites/Bosses/kydreeok.asm,123,Sprite_Kydreeok_Main,oracle-of-secrets
Oracle_Kydreeok_Start,$32:A993,Sprites/Bosses/kydreeok.asm,135,Kydreeok_Start,oracle-of-secrets
Oracle_Kydreeok_StageControl,$32:A9E3,Sprites/Bosses/kydreeok.asm,160,Kydreeok_StageControl,oracle-of-secrets
Oracle_Kydreeok_MoveXandY,$32:AA21,Sprites/Bosses/kydreeok.asm,178,Kydreeok_MoveXandY,oracle-of-secrets
Oracle_Kydreeok_MoveXorY,$32:AA62,Sprites/Bosses/kydreeok.asm,198,Kydreeok_MoveXorY,oracle-of-secrets
Oracle_Kydreeok_KeepWalking,$32:AAA5,Sprites/Bosses/kydreeok.asm,217,Kydreeok_KeepWalking,oracle-of-secrets
Oracle_Kydreeok_Dead,$32:AB41,Sprites/Bosses/kydreeok.asm,269,Kydreeok_Dead,oracle-of-secrets
Oracle_Kydreeok_Flying,$32:ABAA,Sprites/Bosses/kydreeok.asm,300,Kydreeok_Flying,oracle-of-secrets
Oracle_SpawnLeftHead,$32:ABFB,Sprites/Bosses/kydreeok.asm,350,SpawnLeftHead,oracle-of-secrets
Oracle_SpawnRightHead,$32:AC5B,Sprites/Bosses/kydreeok.asm,408,SpawnRightHead,oracle-of-secrets
Oracle_MoveBody,$32:ACBE,Sprites/Bosses/kydreeok.asm,438,MoveBody,oracle-of-secrets
Oracle_StopIfOutOfBounds,$32:AD38,Sprites/Bosses/kydreeok.asm,496,StopIfOutOfBounds,oracle-of-secrets
Oracle_ApplyPalette,$32:AE6A,Sprites/Bosses/kydreeok.asm,568,ApplyPalette,oracle-of-secrets
Oracle_ApplyEndPalette,$32:AEA2,Sprites/Bosses/kydreeok.asm,593,ApplyEndPalette,oracle-of-secrets
Oracle_Sprite_Kydreeok_Draw,$32:AEDA,Sprites/Bosses/kydreeok.asm,620,Sprite_Kydreeok_Draw,oracle-of-secrets
Oracle_ApplyKydreeokGraphics,$32:AFDE,Sprites/Bosses/kydreeok.asm,694,ApplyKydreeokGraphics,oracle-of-secrets
Oracle_KydreeokGraphics,$32:B028,Sprites/Bosses/kydreeok.asm,718,KydreeokGraphics,oracle-of-secrets
Oracle_KydreeokPhase2Graphics,$32:D028,Sprites/Bosses/kydreeok.asm,721,KydreeokPhase2Graphics,oracle-of-secrets
Oracle_Sprite_KydreeokHead_Long,$32:F028,Sprites/Bosses/kydreeok_head.asm,36,Sprite_KydreeokHead_Long,oracle-of-secrets
Oracle_Sprite_KydreeokHead_Prep,$32:F040,Sprites/Bosses/kydreeok_head.asm,50,Sprite_KydreeokHead_Prep,oracle-of-secrets
Oracle_SpeedTable,$32:F058,Sprites/Bosses/kydreeok_head.asm,62,SpeedTable,oracle-of-secrets
Oracle_KydreeokHead_UpdateTracking,$32:F068,Sprites/Bosses/kydreeok_head.asm,66,KydreeokHead_UpdateTracking,oracle-of-secrets
Oracle_KydreeokHead_BiasTowardPlayer,$32:F097,Sprites/Bosses/kydreeok_head.asm,79,KydreeokHead_BiasTowardPlayer,oracle-of-secrets
Oracle_Sprite_KydreeokHead_Main,$32:F0BA,Sprites/Bosses/kydreeok_head.asm,95,Sprite_KydreeokHead_Main,oracle-of-secrets
Oracle_KydreeokHead_ForwardAnim,$32:F0CD,Sprites/Bosses/kydreeok_head.asm,108,KydreeokHead_ForwardAnim,oracle-of-secrets
Oracle_KydreeokHead_RightAnim,$32:F135,Sprites/Bosses/kydreeok_head.asm,139,KydreeokHead_RightAnim,oracle-of-secrets
Oracle_KydreeokHead_LeftAnim,$32:F179,Sprites/Bosses/kydreeok_head.asm,160,KydreeokHead_LeftAnim,oracle-of-secrets
Oracle_KydreeokHead_FarRight,$32:F1BA,Sprites/Bosses/kydreeok_head.asm,180,KydreeokHead_FarRight,oracle-of-secrets
Oracle_KydreeokHead_FarLeft,$32:F1F9,Sprites/Bosses/kydreeok_head.asm,199,KydreeokHead_FarLeft,oracle-of-secrets
Oracle_KydreeokHead_SummonFire,$32:F238,Sprites/Bosses/kydreeok_head.asm,217,KydreeokHead_SummonFire,oracle-of-secrets
Oracle_KydreeokHead_RotationMove,$32:F255,Sprites/Bosses/kydreeok_head.asm,230,KydreeokHead_RotationMove,oracle-of-secrets
Oracle_CoordinateBasedRotation,$32:F278,Sprites/Bosses/kydreeok_head.asm,245,CoordinateBasedRotation,oracle-of-secrets
Oracle_X_Coords,$32:F2B5,Sprites/Bosses/kydreeok_head.asm,264,X_Coords,oracle-of-secrets
Oracle_Y_Coords,$32:F2C5,Sprites/Bosses/kydreeok_head.asm,269,Y_Coords,oracle-of-secrets
Oracle_RotateHeadUsingSpeedValues,$32:F2D5,Sprites/Bosses/kydreeok_head.asm,274,RotateHeadUsingSpeedValues,oracle-of-secrets
Oracle_RandomlyAttack,$32:F37D,Sprites/Bosses/kydreeok_head.asm,306,RandomlyAttack,oracle-of-secrets
Oracle_KydreeokHead_PrepFireballCoords,$32:F3C9,Sprites/Bosses/kydreeok_head.asm,336,KydreeokHead_PrepFireballCoords,oracle-of-secrets
Oracle_KydreeokHead_ConfigureFireball,$32:F3E3,Sprites/Bosses/kydreeok_head.asm,346,KydreeokHead_ConfigureFireball,oracle-of-secrets
Oracle_KydreeokHead_SpawnBreath,$32:F3F1,Sprites/Bosses/kydreeok_head.asm,353,KydreeokHead_SpawnBreath,oracle-of-secrets
Oracle_KydreeokHead_SpawnFireballTargeted,$32:F40C,Sprites/Bosses/kydreeok_head.asm,365,KydreeokHead_SpawnFireballTargeted,oracle-of-secrets
Oracle_KydreeokHead_SpawnFireballSpread,$32:F46A,Sprites/Bosses/kydreeok_head.asm,397,KydreeokHead_SpawnFireballSpread,oracle-of-secrets
Oracle_MoveWithBody,$32:F4F4,Sprites/Bosses/kydreeok_head.asm,446,MoveWithBody,oracle-of-secrets
Oracle_Neck1_Control,$32:F53F,Sprites/Bosses/kydreeok_head.asm,487,Neck1_Control,oracle-of-secrets
Oracle_Neck2_Control,$32:F689,Sprites/Bosses/kydreeok_head.asm,585,Neck2_Control,oracle-of-secrets
Oracle_KydreeokHead_NeckControl,$32:F7D3,Sprites/Bosses/kydreeok_head.asm,677,KydreeokHead_NeckControl,oracle-of-secrets
Oracle_Sprite_KydreeokHead_DrawNeck,$32:F7E0,Sprites/Bosses/kydreeok_head.asm,687,Sprite_KydreeokHead_DrawNeck,oracle-of-secrets
Oracle_DrawNeckPart,$32:F88A,Sprites/Bosses/kydreeok_head.asm,736,DrawNeckPart,oracle-of-secrets
Oracle_Sprite_KydreeokHead_Draw,$32:F8CB,Sprites/Bosses/kydreeok_head.asm,759,Sprite_KydreeokHead_Draw,oracle-of-secrets
Oracle_GetDistance8bit,$32:FADB,Sprites/Bosses/kydreeok_head.asm,898,GetDistance8bit,oracle-of-secrets
Oracle_Sprite_Kydrog_Long,$30:89EB,Sprites/Bosses/kydrog.asm,81,Sprite_Kydrog_Long,oracle-of-secrets
Oracle_Sprite_Kydrog_Prep,$30:89FC,Sprites/Bosses/kydrog.asm,92,Sprite_Kydrog_Prep,oracle-of-secrets
Oracle_Sprite_Kydrog_Main,$30:8A0A,Sprites/Bosses/kydrog.asm,102,Sprite_Kydrog_Main,oracle-of-secrets
Oracle_Kydrog_StartCutscene,$30:8A19,Sprites/Bosses/kydrog.asm,112,Kydrog_StartCutscene,oracle-of-secrets
Oracle_Kydrog_AttractPlayer,$30:8A38,Sprites/Bosses/kydrog.asm,128,Kydrog_AttractPlayer,oracle-of-secrets
Oracle_Kydrog_SpawnOffspring,$30:8A56,Sprites/Bosses/kydrog.asm,139,Kydrog_SpawnOffspring,oracle-of-secrets
Oracle_Kydrog_WarpPlayerAway,$30:8A62,Sprites/Bosses/kydrog.asm,147,Kydrog_WarpPlayerAway,oracle-of-secrets
Oracle_Sprite_Kydrog_Draw,$30:8AA9,Sprites/Bosses/kydrog.asm,187,Sprite_Kydrog_Draw,oracle-of-secrets
Oracle_Sprite_KydrogBoss_Long,$31:8888,Sprites/Bosses/kydrog_boss.asm,39,Sprite_KydrogBoss_Long,oracle-of-secrets
Oracle_Sprite_KydrogBoss_CheckIfDead,$31:889F,Sprites/Bosses/kydrog_boss.asm,52,Sprite_KydrogBoss_CheckIfDead,oracle-of-secrets
Oracle_Sprite_KydrogBoss_Prep,$31:88CC,Sprites/Bosses/kydrog_boss.asm,72,Sprite_KydrogBoss_Prep,oracle-of-secrets
Oracle_RandomStalfosOffspring,$31:890B,Sprites/Bosses/kydrog_boss.asm,110,RandomStalfosOffspring,oracle-of-secrets
Oracle_BounceBasedOnPhase,$31:8930,Sprites/Bosses/kydrog_boss.asm,124,BounceBasedOnPhase,oracle-of-secrets
Oracle_KydrogBoss_DoMovement,$31:8943,Sprites/Bosses/kydrog_boss.asm,133,KydrogBoss_DoMovement,oracle-of-secrets
Oracle_Sprite_KydrogBoss_Main,$31:895D,Sprites/Bosses/kydrog_boss.asm,149,Sprite_KydrogBoss_Main,oracle-of-secrets
Oracle_KydrogBoss_Init,$31:897E,Sprites/Bosses/kydrog_boss.asm,169,KydrogBoss_Init,oracle-of-secrets
Oracle_KydrogBoss_WalkState,$31:89AF,Sprites/Bosses/kydrog_boss.asm,182,KydrogBoss_WalkState,oracle-of-secrets
Oracle_KydrogBoss_WalkForward,$31:8A38,Sprites/Bosses/kydrog_boss.asm,225,KydrogBoss_WalkForward,oracle-of-secrets
Oracle_KydrogBoss_WalkLeft,$31:8A56,Sprites/Bosses/kydrog_boss.asm,232,KydrogBoss_WalkLeft,oracle-of-secrets
Oracle_KydrogBoss_WalkRight,$31:8A74,Sprites/Bosses/kydrog_boss.asm,239,KydrogBoss_WalkRight,oracle-of-secrets
Oracle_KydrogBoss_WalkBackward,$31:8A92,Sprites/Bosses/kydrog_boss.asm,246,KydrogBoss_WalkBackward,oracle-of-secrets
Oracle_KydrogBoss_TakeDamage,$31:8AB0,Sprites/Bosses/kydrog_boss.asm,253,KydrogBoss_TakeDamage,oracle-of-secrets
Oracle_KydrogBoss_TauntPlayer,$31:8B1F,Sprites/Bosses/kydrog_boss.asm,288,KydrogBoss_TauntPlayer,oracle-of-secrets
Oracle_KydrogBoss_SummonStalfos,$31:8B63,Sprites/Bosses/kydrog_boss.asm,305,KydrogBoss_SummonStalfos,oracle-of-secrets
Oracle_KydrogBoss_Death,$31:8BA8,Sprites/Bosses/kydrog_boss.asm,325,KydrogBoss_Death,oracle-of-secrets
Oracle_KydrogBoss_Ascend,$31:8BE0,Sprites/Bosses/kydrog_boss.asm,339,KydrogBoss_Ascend,oracle-of-secrets
Oracle_KydrogBoss_Descend,$31:8C21,Sprites/Bosses/kydrog_boss.asm,356,KydrogBoss_Descend,oracle-of-secrets
Oracle_KydrogBoss_Abscond,$31:8C71,Sprites/Bosses/kydrog_boss.asm,382,KydrogBoss_Abscond,oracle-of-secrets
Oracle_CheckForNextPhase,$31:8CD9,Sprites/Bosses/kydrog_boss.asm,405,CheckForNextPhase,oracle-of-secrets
Oracle_Sprite_CheckIfFrozen,$31:8D33,Sprites/Bosses/kydrog_boss.asm,444,Sprite_CheckIfFrozen,oracle-of-secrets
Oracle_KydrogBoss_Set_Damage,$31:8D4B,Sprites/Bosses/kydrog_boss.asm,471,KydrogBoss_Set_Damage,oracle-of-secrets
Oracle_Sprite_Offspring_SpawnHead,$31:8D6C,Sprites/Bosses/kydrog_boss.asm,488,Sprite_Offspring_SpawnHead,oracle-of-secrets
Oracle_Sprite_Offspring_Spawn,$31:8D7D,Sprites/Bosses/kydrog_boss.asm,499,Sprite_Offspring_Spawn,oracle-of-secrets
Oracle_Kydrog_ThrowBoneAtPlayer,$31:8DC9,Sprites/Bosses/kydrog_boss.asm,531,Kydrog_ThrowBoneAtPlayer,oracle-of-secrets
Oracle_GetNumberSpawnStalfos,$31:8E25,Sprites/Bosses/kydrog_boss.asm,557,GetNumberSpawnStalfos,oracle-of-secrets
Oracle_Sprite_KydrogBoss_Draw,$31:8E50,Sprites/Bosses/kydrog_boss.asm,588,Sprite_KydrogBoss_Draw,oracle-of-secrets
Oracle_Lanmola_FinishInitialization,$05:A377,Sprites/Bosses/lanmola.asm,24,Lanmola_FinishInitialization,oracle-of-secrets
Oracle_Sprite_Lanmola,$05:A3A7,Sprites/Bosses/lanmola.asm,51,Sprite_Lanmola,oracle-of-secrets
Oracle_Lanmola_Wait,$05:A3BA,Sprites/Bosses/lanmola.asm,66,Lanmola_Wait,oracle-of-secrets
Oracle_Lanmola_Mound,$05:A3D1,Sprites/Bosses/lanmola.asm,79,Lanmola_Mound,oracle-of-secrets
Oracle_Lanmola_Fly,$05:A436,Sprites/Bosses/lanmola.asm,121,Lanmola_Fly,oracle-of-secrets
Oracle_Lanmola_Dive,$05:A4E2,Sprites/Bosses/lanmola.asm,188,Lanmola_Dive,oracle-of-secrets
Oracle_Lanmola_Reset,$05:A516,Sprites/Bosses/lanmola.asm,214,Lanmola_Reset,oracle-of-secrets
Oracle_Lanmola_Death,$05:A54A,Sprites/Bosses/lanmola.asm,236,Lanmola_Death,oracle-of-secrets
Oracle_Lanmola_Draw,$05:A624,Sprites/Bosses/lanmola.asm,316,Lanmola_Draw,oracle-of-secrets
Oracle_Lanmola_DrawMound,$05:A763,Sprites/Bosses/lanmola.asm,452,Lanmola_DrawMound,oracle-of-secrets
Oracle_Sprite_Shrapnel,$1D:CFCB,Sprites/Bosses/lanmola.asm,492,Sprite_Shrapnel,oracle-of-secrets
Oracle_AncillaAdd_FallingPrize,$09:8BC1,Sprites/Bosses/lanmola_expanded.asm,8,AncillaAdd_FallingPrize,oracle-of-secrets
Oracle_Ancilla_SpawnFallingPrize,$2C:BAC5,Sprites/Bosses/lanmola_expanded.asm,12,Ancilla_SpawnFallingPrize,oracle-of-secrets
Oracle_Lanmola_DrawDirtLONG,$2C:BAD1,Sprites/Bosses/lanmola_expanded.asm,21,Lanmola_DrawDirtLONG,oracle-of-secrets
Oracle_Lanmola_DrawDirt,$2C:BAD9,Sprites/Bosses/lanmola_expanded.asm,29,Lanmola_DrawDirt,oracle-of-secrets
Oracle_Sprite_Lanmola_Init_DataLONG,$2C:BB97,Sprites/Bosses/lanmola_expanded.asm,117,Sprite_Lanmola_Init_DataLONG,oracle-of-secrets
Oracle_Sprite_Lanmola_Init_Data,$2C:BB9F,Sprites/Bosses/lanmola_expanded.asm,127,Sprite_Lanmola_Init_Data,oracle-of-secrets
Oracle_Lanmola_MoveSegment,$2C:BC68,Sprites/Bosses/lanmola_expanded.asm,254,Lanmola_MoveSegment,oracle-of-secrets
Oracle_SetShrapnelTimer,$2C:BD04,Sprites/Bosses/lanmola_expanded.asm,311,SetShrapnelTimer,oracle-of-secrets
Oracle_CheckIfActive,$2C:BD0E,Sprites/Bosses/lanmola_expanded.asm,320,CheckIfActive,oracle-of-secrets
Oracle_Sprite_Manhandla_Long,$30:A691,Sprites/Bosses/manhandla.asm,34,Sprite_Manhandla_Long,oracle-of-secrets
Oracle_Sprite_Manhandla_Prep,$30:A6B2,Sprites/Bosses/manhandla.asm,57,Sprite_Manhandla_Prep,oracle-of-secrets
Oracle_Sprite_Manhandla_CheckForNextPhaseOrDeath,$30:A6D0,Sprites/Bosses/manhandla.asm,71,Sprite_Manhandla_CheckForNextPhaseOrDeath,oracle-of-secrets
Oracle_SetLeftHeadPos,$30:A74F,Sprites/Bosses/manhandla.asm,115,SetLeftHeadPos,oracle-of-secrets
Oracle_SetRightHeadPos,$30:A774,Sprites/Bosses/manhandla.asm,127,SetRightHeadPos,oracle-of-secrets
Oracle_SetCenterHeadPos,$30:A799,Sprites/Bosses/manhandla.asm,139,SetCenterHeadPos,oracle-of-secrets
Oracle_Sprite_Manhandla_Main,$30:A7B6,Sprites/Bosses/manhandla.asm,151,Sprite_Manhandla_Main,oracle-of-secrets
Oracle_Manhandla_Intro,$30:A7D3,Sprites/Bosses/manhandla.asm,168,Manhandla_Intro,oracle-of-secrets
Oracle_Manhandla_FrontHead,$30:A7FC,Sprites/Bosses/manhandla.asm,184,Manhandla_FrontHead,oracle-of-secrets
Oracle_Manhandla_LeftHead,$30:A827,Sprites/Bosses/manhandla.asm,197,Manhandla_LeftHead,oracle-of-secrets
Oracle_Manhandla_RightHead,$30:A85E,Sprites/Bosses/manhandla.asm,211,Manhandla_RightHead,oracle-of-secrets
Oracle_BigChuchu_Main,$30:A897,Sprites/Bosses/manhandla.asm,227,BigChuchu_Main,oracle-of-secrets
Oracle_Flower_Flicker,$30:A8E6,Sprites/Bosses/manhandla.asm,258,Flower_Flicker,oracle-of-secrets
Oracle_Manhandla_Body,$30:A96C,Sprites/Bosses/manhandla.asm,296,Manhandla_Body,oracle-of-secrets
Oracle_BigChuchu_Emerge,$30:A9E1,Sprites/Bosses/manhandla.asm,336,BigChuchu_Emerge,oracle-of-secrets
Oracle_BigChuchu_Flower,$30:AA14,Sprites/Bosses/manhandla.asm,348,BigChuchu_Flower,oracle-of-secrets
Oracle_BigChuchu_Dead,$30:AA3F,Sprites/Bosses/manhandla.asm,358,BigChuchu_Dead,oracle-of-secrets
Oracle_ChuchuBlast,$30:AA4D,Sprites/Bosses/manhandla.asm,367,ChuchuBlast,oracle-of-secrets
Oracle_Sprite_Manhandla_Move,$30:AA70,Sprites/Bosses/manhandla.asm,376,Sprite_Manhandla_Move,oracle-of-secrets
Oracle_StageControl,$30:AA7F,Sprites/Bosses/manhandla.asm,386,StageControl,oracle-of-secrets
Oracle_MoveXandY,$30:AA95,Sprites/Bosses/manhandla.asm,397,MoveXandY,oracle-of-secrets
Oracle_MoveXorY,$30:AAA6,Sprites/Bosses/manhandla.asm,407,MoveXorY,oracle-of-secrets
Oracle_KeepWalking,$30:AAB9,Sprites/Bosses/manhandla.asm,417,KeepWalking,oracle-of-secrets
Oracle_Manhandla_StopIfOutOfBounds,$30:AAFA,Sprites/Bosses/manhandla.asm,452,Manhandla_StopIfOutOfBounds,oracle-of-secrets
Oracle_Sprite_Manhandla_Draw,$30:AB6F,Sprites/Bosses/manhandla.asm,495,Sprite_Manhandla_Draw,oracle-of-secrets
Oracle_Sprite_BigChuchu_Draw,$30:AD9A,Sprites/Bosses/manhandla.asm,632,Sprite_BigChuchu_Draw,oracle-of-secrets
Oracle_Chuchu_SpawnBlast,$30:AEE3,Sprites/Bosses/manhandla.asm,724,Chuchu_SpawnBlast,oracle-of-secrets
Oracle_Mothula_SpawnBeams,$30:AF40,Sprites/Bosses/manhandla.asm,754,Mothula_SpawnBeams,oracle-of-secrets
Oracle_SpawnLeftManhandlaHead,$30:AF95,Sprites/Bosses/manhandla.asm,788,SpawnLeftManhandlaHead,oracle-of-secrets
Oracle_SpawnRightManhandlaHead,$30:AFC8,Sprites/Bosses/manhandla.asm,808,SpawnRightManhandlaHead,oracle-of-secrets
Oracle_SpawnCenterMandhandlaHead,$30:AFF8,Sprites/Bosses/manhandla.asm,828,SpawnCenterMandhandlaHead,oracle-of-secrets
Oracle_ApplyManhandlaPalette,$30:B028,Sprites/Bosses/manhandla.asm,848,ApplyManhandlaPalette,oracle-of-secrets
Oracle_ApplyManhandlaGraphics,$30:B060,Sprites/Bosses/manhandla.asm,865,ApplyManhandlaGraphics,oracle-of-secrets
Oracle_ManhandlaGraphics,$30:B09C,Sprites/Bosses/manhandla.asm,891,ManhandlaGraphics,oracle-of-secrets
Oracle_Sprite_Octoboss_Long,$30:94EF,Sprites/Bosses/octoboss.asm,13,Sprite_Octoboss_Long,oracle-of-secrets
Oracle_Sprite_Octoboss_Main,$30:9568,Sprites/Bosses/octoboss.asm,72,Sprite_Octoboss_Main,oracle-of-secrets
Oracle_Sprite_Octoboss_Secondary,$30:958D,Sprites/Bosses/octoboss.asm,96,Sprite_Octoboss_Secondary,oracle-of-secrets
Oracle_WaitForPlayerToApproach,$30:95A4,Sprites/Bosses/octoboss.asm,110,WaitForPlayerToApproach,oracle-of-secrets
Oracle_Emerge,$30:95B9,Sprites/Bosses/octoboss.asm,123,Emerge,oracle-of-secrets
Oracle_EmergedShowMessage,$30:95D5,Sprites/Bosses/octoboss.asm,135,EmergedShowMessage,oracle-of-secrets
Oracle_WaitDialog,$30:95E1,Sprites/Bosses/octoboss.asm,142,WaitDialog,oracle-of-secrets
Oracle_SpawnAndAwakeHisBrother,$30:95E2,Sprites/Bosses/octoboss.asm,145,SpawnAndAwakeHisBrother,oracle-of-secrets
Oracle_WaitForBrotherEmerge,$30:9613,Sprites/Bosses/octoboss.asm,163,WaitForBrotherEmerge,oracle-of-secrets
Oracle_SpawnPirateHats,$30:9629,Sprites/Bosses/octoboss.asm,175,SpawnPirateHats,oracle-of-secrets
Oracle_IdlePhase,$30:96B3,Sprites/Bosses/octoboss.asm,239,IdlePhase,oracle-of-secrets
Oracle_PickDirection,$30:96FE,Sprites/Bosses/octoboss.asm,264,PickDirection,oracle-of-secrets
Oracle_Moving,$30:9726,Sprites/Bosses/octoboss.asm,273,Moving,oracle-of-secrets
Oracle_Moving2,$30:97BB,Sprites/Bosses/octoboss.asm,319,Moving2,oracle-of-secrets
Oracle_WaitMessageBeforeSurrender,$30:9844,Sprites/Bosses/octoboss.asm,362,WaitMessageBeforeSurrender,oracle-of-secrets
Oracle_RemoveHat,$30:985D,Sprites/Bosses/octoboss.asm,373,RemoveHat,oracle-of-secrets
Oracle_Submerge,$30:989C,Sprites/Bosses/octoboss.asm,404,Submerge,oracle-of-secrets
Oracle_SubmergeWaitWall,$30:98D4,Sprites/Bosses/octoboss.asm,422,SubmergeWaitWall,oracle-of-secrets
Oracle_EmergeWaitGiveItem,$30:9932,Sprites/Bosses/octoboss.asm,455,EmergeWaitGiveItem,oracle-of-secrets
Oracle_SubmergeForeverKill,$30:996E,Sprites/Bosses/octoboss.asm,479,SubmergeForeverKill,oracle-of-secrets
Oracle_IdleWait,$30:998D,Sprites/Bosses/octoboss.asm,493,IdleWait,oracle-of-secrets
Oracle_ReturnTotalHealth,$30:998E,Sprites/Bosses/octoboss.asm,496,ReturnTotalHealth,oracle-of-secrets
Oracle_Sprite_Octoboss_Draw,$30:999D,Sprites/Bosses/octoboss.asm,505,Sprite_Octoboss_Draw,oracle-of-secrets
Oracle_Sprite_Octoboss_Draw2,$30:9C0F,Sprites/Bosses/octoboss.asm,652,Sprite_Octoboss_Draw2,oracle-of-secrets
Oracle_SpawnSplash,$30:9E81,Sprites/Bosses/octoboss.asm,801,SpawnSplash,oracle-of-secrets
Oracle_SpawnBossPoof,$30:9EA8,Sprites/Bosses/octoboss.asm,815,SpawnBossPoof,oracle-of-secrets
Oracle_HandleMovingSplash,$30:9EE9,Sprites/Bosses/octoboss.asm,838,HandleMovingSplash,oracle-of-secrets
Oracle_SpawnMedallion,$30:9F38,Sprites/Bosses/octoboss.asm,872,SpawnMedallion,oracle-of-secrets
Oracle_SpawnMedallionAlt,$30:9F76,Sprites/Bosses/octoboss.asm,909,SpawnMedallionAlt,oracle-of-secrets
Oracle_Sprite_Twinrova_Long,$32:8000,Sprites/Bosses/twinrova.asm,40,Sprite_Twinrova_Long,oracle-of-secrets
Oracle_Sprite_Twinrova_CheckIfDead,$32:8018,Sprites/Bosses/twinrova.asm,56,Sprite_Twinrova_CheckIfDead,oracle-of-secrets
Oracle_Sprite_Twinrova_Prep,$32:8042,Sprites/Bosses/twinrova.asm,75,Sprite_Twinrova_Prep,oracle-of-secrets
Oracle_Sprite_Twinrova_Main,$32:8097,Sprites/Bosses/twinrova.asm,152,Sprite_Twinrova_Main,oracle-of-secrets
Oracle_Twinrova_Init,$32:80C2,Sprites/Bosses/twinrova.asm,177,Twinrova_Init,oracle-of-secrets
Oracle_Twinrova_MoveState,$32:80DA,Sprites/Bosses/twinrova.asm,188,Twinrova_MoveState,oracle-of-secrets
Oracle_Twinrova_MoveForwards,$32:81A2,Sprites/Bosses/twinrova.asm,255,Twinrova_MoveForwards,oracle-of-secrets
Oracle_Twinrova_MoveBackwards,$32:81CE,Sprites/Bosses/twinrova.asm,267,Twinrova_MoveBackwards,oracle-of-secrets
Oracle_Twinrova_PrepareAttack,$32:81FA,Sprites/Bosses/twinrova.asm,278,Twinrova_PrepareAttack,oracle-of-secrets
Oracle_Twinrova_FireAttack,$32:824F,Sprites/Bosses/twinrova.asm,298,Twinrova_FireAttack,oracle-of-secrets
Oracle_Twinrova_IceAttack,$32:8292,Sprites/Bosses/twinrova.asm,318,Twinrova_IceAttack,oracle-of-secrets
Oracle_Twinrova_Hurt,$32:82C7,Sprites/Bosses/twinrova.asm,332,Twinrova_Hurt,oracle-of-secrets
Oracle_Twinrova_KoumeMode,$32:833E,Sprites/Bosses/twinrova.asm,375,Twinrova_KoumeMode,oracle-of-secrets
Oracle_Twinrova_KotakeMode,$32:8391,Sprites/Bosses/twinrova.asm,400,Twinrova_KotakeMode,oracle-of-secrets
Oracle_Twinrova_Dead,$32:83DF,Sprites/Bosses/twinrova.asm,422,Twinrova_Dead,oracle-of-secrets
Oracle_RageModeMove,$32:840A,Sprites/Bosses/twinrova.asm,435,RageModeMove,oracle-of-secrets
Oracle_DoRandomStrafe,$32:84DB,Sprites/Bosses/twinrova.asm,522,DoRandomStrafe,oracle-of-secrets
Oracle_VelocityOffsets,$32:84F5,Sprites/Bosses/twinrova.asm,534,VelocityOffsets,oracle-of-secrets
Oracle_TargetPositions,$32:84FD,Sprites/Bosses/twinrova.asm,539,TargetPositions,oracle-of-secrets
Oracle_Twinrova_RestoreFloorTile,$32:8505,Sprites/Bosses/twinrova.asm,545,Twinrova_RestoreFloorTile,oracle-of-secrets
Oracle_RestoreFloorTile,$32:854B,Sprites/Bosses/twinrova.asm,562,RestoreFloorTile,oracle-of-secrets
Oracle_AddPitHazard,$32:8571,Sprites/Bosses/twinrova.asm,576,AddPitHazard,oracle-of-secrets
Oracle_Ganon_SpawnFallingTilesOverlord,$32:8597,Sprites/Bosses/twinrova.asm,590,Ganon_SpawnFallingTilesOverlord,oracle-of-secrets
Oracle_Sprite_Twinrova_Draw,$32:85E0,Sprites/Bosses/twinrova.asm,634,Sprite_Twinrova_Draw,oracle-of-secrets
Oracle_ApplyTwinrovaGraphics,$32:87CE,Sprites/Bosses/twinrova.asm,769,ApplyTwinrovaGraphics,oracle-of-secrets
Oracle_TwinrovaGraphics,$32:8806,Sprites/Bosses/twinrova.asm,787,TwinrovaGraphics,oracle-of-secrets
Oracle_ReleaseFireballs,$32:A814,Sprites/Bosses/twinrova.asm,801,ReleaseFireballs,oracle-of-secrets
Oracle_Follower_BasicMover,$09:A1E4,Sprites/Bosses/twinrova.asm,849,Follower_BasicMover,oracle-of-secrets
Oracle_Follower_CheckBlindTrigger,$09:9E90,Sprites/Bosses/twinrova.asm,894,Follower_CheckBlindTrigger,oracle-of-secrets
Oracle_Blind_SpawnFromMaiden,$1D:A03C,Sprites/Bosses/twinrova.asm,937,Blind_SpawnFromMaiden,oracle-of-secrets
Oracle_SpritePrep_Blind_PrepareBattle,$1D:A081,Sprites/Bosses/twinrova.asm,984,SpritePrep_Blind_PrepareBattle,oracle-of-secrets
Oracle_RoomDraw_BombableFloor,$01:B3E1,Sprites/Bosses/twinrova.asm,1005,RoomDraw_BombableFloor,oracle-of-secrets
Oracle_BlindLaser_SpawnTrailGarnish,$1D:A0B1,Sprites/Bosses/twinrova.asm,1016,BlindLaser_SpawnTrailGarnish,oracle-of-secrets
Oracle_NewMantlePrep,$32:A86D,Sprites/Bosses/twinrova.asm,1078,NewMantlePrep,oracle-of-secrets
Oracle_CheckForMaidenInLibrary,$32:A891,Sprites/Bosses/twinrova.asm,1100,CheckForMaidenInLibrary,oracle-of-secrets
Oracle_Sprite_VampireBat_Main,$30:E924,Sprites/Bosses/vampire_bat.asm,4,Sprite_VampireBat_Main,oracle-of-secrets
Oracle_VampireBat_Idle,$30:E943,Sprites/Bosses/vampire_bat.asm,19,VampireBat_Idle,oracle-of-secrets
Oracle_VampireBat_Ascend,$30:E957,Sprites/Bosses/vampire_bat.asm,29,VampireBat_Ascend,oracle-of-secrets
Oracle_VampireBat_FlyAround,$30:E99C,Sprites/Bosses/vampire_bat.asm,46,VampireBat_FlyAround,oracle-of-secrets
Oracle_VampireBat_Descend,$30:E9D8,Sprites/Bosses/vampire_bat.asm,63,VampireBat_Descend,oracle-of-secrets
Oracle_Sprite_SpawnFireKeese,$30:EA17,Sprites/Bosses/vampire_bat.asm,83,Sprite_SpawnFireKeese,oracle-of-secrets
Oracle_Sprite_SpawnIceKeese,$30:EA29,Sprites/Bosses/vampire_bat.asm,93,Sprite_SpawnIceKeese,oracle-of-secrets
Oracle_Sprite_VampireBat_Draw,$30:EA36,Sprites/Bosses/vampire_bat.asm,102,Sprite_VampireBat_Draw,oracle-of-secrets
Oracle_Sprite_Wolfos_Long,$31:F73A,Sprites/Bosses/wolfos.asm,33,Sprite_Wolfos_Long,oracle-of-secrets
Oracle_Sprite_Wolfos_CheckIfDefeated,$31:F74E,Sprites/Bosses/wolfos.asm,47,Sprite_Wolfos_CheckIfDefeated,oracle-of-secrets
Oracle_Sprite_Wolfos_Prep,$31:F76C,Sprites/Bosses/wolfos.asm,60,Sprite_Wolfos_Prep,oracle-of-secrets
Oracle_Sprite_Wolfos_Main,$31:F797,Sprites/Bosses/wolfos.asm,127,Sprite_Wolfos_Main,oracle-of-secrets
Oracle_Wolfos_AttackForward,$31:F7B3,Sprites/Bosses/wolfos.asm,144,Wolfos_AttackForward,oracle-of-secrets
Oracle_Wolfos_AttackBack,$31:F7B7,Sprites/Bosses/wolfos.asm,150,Wolfos_AttackBack,oracle-of-secrets
Oracle_Wolfos_WalkRight,$31:F7BB,Sprites/Bosses/wolfos.asm,156,Wolfos_WalkRight,oracle-of-secrets
Oracle_Wolfos_WalkLeft,$31:F7E1,Sprites/Bosses/wolfos.asm,168,Wolfos_WalkLeft,oracle-of-secrets
Oracle_Wolfos_AttackRight,$31:F802,Sprites/Bosses/wolfos.asm,179,Wolfos_AttackRight,oracle-of-secrets
Oracle_Wolfos_AttackLeft,$31:F824,Sprites/Bosses/wolfos.asm,191,Wolfos_AttackLeft,oracle-of-secrets
Oracle_Wolfos_Subdued,$31:F846,Sprites/Bosses/wolfos.asm,203,Wolfos_Subdued,oracle-of-secrets
Oracle_Wolfos_GrantMask,$31:F8A6,Sprites/Bosses/wolfos.asm,228,Wolfos_GrantMask,oracle-of-secrets
Oracle_Wolfos_Dismiss,$31:F8C9,Sprites/Bosses/wolfos.asm,243,Wolfos_Dismiss,oracle-of-secrets
Oracle_Sprite_Wolfos_Animate,$31:F8E4,Sprites/Bosses/wolfos.asm,258,Sprite_Wolfos_Animate,oracle-of-secrets
Oracle_Wolfos_Animate_AttackForward,$31:F8F9,Sprites/Bosses/wolfos.asm,270,Wolfos_Animate_AttackForward,oracle-of-secrets
Oracle_Wolfos_Animate_AttackBack,$31:F914,Sprites/Bosses/wolfos.asm,276,Wolfos_Animate_AttackBack,oracle-of-secrets
Oracle_Wolfos_Animate_WalkRight,$31:F92F,Sprites/Bosses/wolfos.asm,282,Wolfos_Animate_WalkRight,oracle-of-secrets
Oracle_Wolfos_Animate_WalkLeft,$31:F956,Sprites/Bosses/wolfos.asm,289,Wolfos_Animate_WalkLeft,oracle-of-secrets
Oracle_Wolfos_Animate_AttackRight,$31:F97D,Sprites/Bosses/wolfos.asm,296,Wolfos_Animate_AttackRight,oracle-of-secrets
Oracle_Wolfos_Animate_AttackLeft,$31:F9A4,Sprites/Bosses/wolfos.asm,303,Wolfos_Animate_AttackLeft,oracle-of-secrets
Oracle_Wolfos_Animate_Subdued,$31:F9CB,Sprites/Bosses/wolfos.asm,310,Wolfos_Animate_Subdued,oracle-of-secrets
Oracle_Wolfos_Move,$31:F9E6,Sprites/Bosses/wolfos.asm,317,Wolfos_Move,oracle-of-secrets
Oracle_Wolfos_DecideAction,$31:FA09,Sprites/Bosses/wolfos.asm,331,Wolfos_DecideAction,oracle-of-secrets
Oracle_Wolfos_MoveAction_Basic,$31:FA28,Sprites/Bosses/wolfos.asm,348,Wolfos_MoveAction_Basic,oracle-of-secrets
Oracle_Wolfos_MoveAction_CirclePlayer,$31:FAA0,Sprites/Bosses/wolfos.asm,388,Wolfos_MoveAction_CirclePlayer,oracle-of-secrets
Oracle_Wolfos_MoveAction_Dodge,$31:FACD,Sprites/Bosses/wolfos.asm,411,Wolfos_MoveAction_Dodge,oracle-of-secrets
Oracle_Sprite_Wolfos_Draw,$31:FAD6,Sprites/Bosses/wolfos.asm,427,Sprite_Wolfos_Draw,oracle-of-secrets
Oracle_Sprite_AntiKirby_Long,$31:96D3,Sprites/Enemies/anti_kirby.asm,34,Sprite_AntiKirby_Long,oracle-of-secrets
Oracle_Sprite_AntiKirby_Prep,$31:96E8,Sprites/Enemies/anti_kirby.asm,46,Sprite_AntiKirby_Prep,oracle-of-secrets
Oracle_Sprite_AntiKirby_Main,$31:971A,Sprites/Enemies/anti_kirby.asm,69,Sprite_AntiKirby_Main,oracle-of-secrets
Oracle_AntiKirby_Main,$31:974D,Sprites/Enemies/anti_kirby.asm,95,AntiKirby_Main,oracle-of-secrets
Oracle_AntiKirby_Hurt,$31:97AB,Sprites/Enemies/anti_kirby.asm,124,AntiKirby_Hurt,oracle-of-secrets
Oracle_AntiKirby_BeginSuck,$31:97D0,Sprites/Enemies/anti_kirby.asm,133,AntiKirby_BeginSuck,oracle-of-secrets
Oracle_AntiKirby_Sucking,$31:982D,Sprites/Enemies/anti_kirby.asm,158,AntiKirby_Sucking,oracle-of-secrets
Oracle_AntiKirby_Full,$31:989D,Sprites/Enemies/anti_kirby.asm,189,AntiKirby_Full,oracle-of-secrets
Oracle_AntiKirby_Hatted,$31:98D5,Sprites/Enemies/anti_kirby.asm,204,AntiKirby_Hatted,oracle-of-secrets
Oracle_AntiKirby_HattedHurt,$31:9912,Sprites/Enemies/anti_kirby.asm,217,AntiKirby_HattedHurt,oracle-of-secrets
Oracle_AntiKirby_Death,$31:9937,Sprites/Enemies/anti_kirby.asm,226,AntiKirby_Death,oracle-of-secrets
Oracle_AntiKirby_StealItem,$31:995D,Sprites/Enemies/anti_kirby.asm,235,AntiKirby_StealItem,oracle-of-secrets
Oracle_Sprite_AntiKirby_Draw,$31:99E7,Sprites/Enemies/anti_kirby.asm,294,Sprite_AntiKirby_Draw,oracle-of-secrets
Oracle_Sprite_Booki_Long,$31:9ED7,Sprites/Enemies/booki.asm,35,Sprite_Booki_Long,oracle-of-secrets
Oracle_Sprite_Booki_Prep,$31:9EEC,Sprites/Enemies/booki.asm,47,Sprite_Booki_Prep,oracle-of-secrets
Oracle_Sprite_Booki_Main,$31:9F04,Sprites/Enemies/booki.asm,60,Sprite_Booki_Main,oracle-of-secrets
Oracle_StalkPlayer,$31:9F13,Sprites/Enemies/booki.asm,70,StalkPlayer,oracle-of-secrets
Oracle_HideFromPlayer,$31:9F31,Sprites/Enemies/booki.asm,77,HideFromPlayer,oracle-of-secrets
Oracle_HiddenFromPlayer,$31:9F54,Sprites/Enemies/booki.asm,86,HiddenFromPlayer,oracle-of-secrets
Oracle_ApproachPlayer,$31:9F7D,Sprites/Enemies/booki.asm,96,ApproachPlayer,oracle-of-secrets
Oracle_Sprite_Booki_Move,$31:9F9B,Sprites/Enemies/booki.asm,104,Sprite_Booki_Move,oracle-of-secrets
Oracle_SlowFloat,$31:9FDC,Sprites/Enemies/booki.asm,130,SlowFloat,oracle-of-secrets
Oracle_FloatAway,$31:A00A,Sprites/Enemies/booki.asm,154,FloatAway,oracle-of-secrets
Oracle_Sprite_Booki_Draw,$31:A031,Sprites/Enemies/booki.asm,175,Sprite_Booki_Draw,oracle-of-secrets
Oracle_Sprite_BusinessScrub_Long,$30:D09C,Sprites/Enemies/business_scrub.asm,34,Sprite_BusinessScrub_Long,oracle-of-secrets
Oracle_Sprite_BusinessScrub_Prep,$30:D0CE,Sprites/Enemies/business_scrub.asm,59,Sprite_BusinessScrub_Prep,oracle-of-secrets
Oracle_Sprite_BusinessScrub_Main,$30:D0E6,Sprites/Enemies/business_scrub.asm,80,Sprite_BusinessScrub_Main,oracle-of-secrets
Oracle_BusinessScrub_Hiding,$30:D0FD,Sprites/Enemies/business_scrub.asm,96,BusinessScrub_Hiding,oracle-of-secrets
Oracle_BusinessScrub_Attack,$30:D14F,Sprites/Enemies/business_scrub.asm,120,BusinessScrub_Attack,oracle-of-secrets
Oracle_BusinessScrub_PostAttack,$30:D19A,Sprites/Enemies/business_scrub.asm,141,BusinessScrub_PostAttack,oracle-of-secrets
Oracle_BusinessScrub_Recoil,$30:D1D2,Sprites/Enemies/business_scrub.asm,156,BusinessScrub_Recoil,oracle-of-secrets
Oracle_BusinessScrub_Dazed,$30:D20A,Sprites/Enemies/business_scrub.asm,173,BusinessScrub_Dazed,oracle-of-secrets
Oracle_BusinessScrub_Subdued,$30:D247,Sprites/Enemies/business_scrub.asm,189,BusinessScrub_Subdued,oracle-of-secrets
Oracle_BusinessScrub_PeaShot,$30:D28E,Sprites/Enemies/business_scrub.asm,206,BusinessScrub_PeaShot,oracle-of-secrets
Oracle_BusinessScrub_HidingDefeated,$30:D2D4,Sprites/Enemies/business_scrub.asm,226,BusinessScrub_HidingDefeated,oracle-of-secrets
Oracle_DekuScrub_GiveRandomPrize,$30:D303,Sprites/Enemies/business_scrub.asm,240,DekuScrub_GiveRandomPrize,oracle-of-secrets
Oracle_CheckForPeaShotRedirect,$30:D31A,Sprites/Enemies/business_scrub.asm,255,CheckForPeaShotRedirect,oracle-of-secrets
Oracle_KillPeaShot,$30:D367,Sprites/Enemies/business_scrub.asm,290,KillPeaShot,oracle-of-secrets
Oracle_SpawnPeaShot,$30:D371,Sprites/Enemies/business_scrub.asm,300,SpawnPeaShot,oracle-of-secrets
Oracle_Sprite_BusinessScrub_Draw,$30:D3C9,Sprites/Enemies/business_scrub.asm,339,Sprite_BusinessScrub_Draw,oracle-of-secrets
Oracle_Sprite_Darknut_Long,$30:DBC1,Sprites/Enemies/darknut.asm,35,Sprite_Darknut_Long,oracle-of-secrets
Oracle_Sprite_Darknut_Prep,$30:DBD6,Sprites/Enemies/darknut.asm,47,Sprite_Darknut_Prep,oracle-of-secrets
Oracle_Sprite_Darknut_Main,$30:DBF4,Sprites/Enemies/darknut.asm,63,Sprite_Darknut_Main,oracle-of-secrets
Oracle_FaceUp,$30:DC5E,Sprites/Enemies/darknut.asm,115,FaceUp,oracle-of-secrets
Oracle_FaceDown,$30:DC79,Sprites/Enemies/darknut.asm,121,FaceDown,oracle-of-secrets
Oracle_FaceLeft,$30:DCA0,Sprites/Enemies/darknut.asm,128,FaceLeft,oracle-of-secrets
Oracle_FaceRight,$30:DCC7,Sprites/Enemies/darknut.asm,135,FaceRight,oracle-of-secrets
Oracle_Sprite_Darknut_BasicMove,$30:DCEE,Sprites/Enemies/darknut.asm,143,Sprite_Darknut_BasicMove,oracle-of-secrets
Oracle_MoveUp,$30:DCFD,Sprites/Enemies/darknut.asm,153,MoveUp,oracle-of-secrets
Oracle_MoveDown,$30:DD06,Sprites/Enemies/darknut.asm,160,MoveDown,oracle-of-secrets
Oracle_MoveLeft,$30:DD0F,Sprites/Enemies/darknut.asm,167,MoveLeft,oracle-of-secrets
Oracle_MoveRight,$30:DD18,Sprites/Enemies/darknut.asm,174,MoveRight,oracle-of-secrets
Oracle_Sprite_Darknut_Draw,$30:DD21,Sprites/Enemies/darknut.asm,182,Sprite_Darknut_Draw,oracle-of-secrets
Oracle_Sprite_EonScrub_Main,$30:D524,Sprites/Enemies/eon_scrub.asm,12,Sprite_EonScrub_Main,oracle-of-secrets
Oracle_EonScrub_Stalking,$30:D53B,Sprites/Enemies/eon_scrub.asm,27,EonScrub_Stalking,oracle-of-secrets
Oracle_EonScrub_Attack,$30:D575,Sprites/Enemies/eon_scrub.asm,46,EonScrub_Attack,oracle-of-secrets
Oracle_EonScrub_PostAttack,$30:D5B4,Sprites/Enemies/eon_scrub.asm,66,EonScrub_PostAttack,oracle-of-secrets
Oracle_EonScrub_Recoil,$30:D5E0,Sprites/Enemies/eon_scrub.asm,78,EonScrub_Recoil,oracle-of-secrets
Oracle_EonScrub_Dazed,$30:D60C,Sprites/Enemies/eon_scrub.asm,93,EonScrub_Dazed,oracle-of-secrets
Oracle_EonScrub_Subdued,$30:D63D,Sprites/Enemies/eon_scrub.asm,107,EonScrub_Subdued,oracle-of-secrets
Oracle_EonScrub_PeaShot,$30:D678,Sprites/Enemies/eon_scrub.asm,122,EonScrub_PeaShot,oracle-of-secrets
Oracle_EonScrub_Defeated,$30:D6BE,Sprites/Enemies/eon_scrub.asm,142,EonScrub_Defeated,oracle-of-secrets
Oracle_EonScrub_SpawnPeaShot,$30:D6E1,Sprites/Enemies/eon_scrub.asm,152,EonScrub_SpawnPeaShot,oracle-of-secrets
Oracle_Sprite_EonScrub_Draw,$30:D6F1,Sprites/Enemies/eon_scrub.asm,164,Sprite_EonScrub_Draw,oracle-of-secrets
Oracle_Sprite_Goriya_Long,$30:D833,Sprites/Enemies/goriya.asm,35,Sprite_Goriya_Long,oracle-of-secrets
Oracle_Sprite_Goriya_Prep,$30:D853,Sprites/Enemies/goriya.asm,52,Sprite_Goriya_Prep,oracle-of-secrets
Oracle_Sprite_Goriya_Main,$30:D85D,Sprites/Enemies/goriya.asm,60,Sprite_Goriya_Main,oracle-of-secrets
Oracle_Goriya_WalkingUp,$30:D86E,Sprites/Enemies/goriya.asm,71,Goriya_WalkingUp,oracle-of-secrets
Oracle_Goriya_WalkingDown,$30:D88C,Sprites/Enemies/goriya.asm,78,Goriya_WalkingDown,oracle-of-secrets
Oracle_Goriya_WalkingLeft,$30:D8AA,Sprites/Enemies/goriya.asm,85,Goriya_WalkingLeft,oracle-of-secrets
Oracle_Goriya_WalkingRight,$30:D8D4,Sprites/Enemies/goriya.asm,93,Goriya_WalkingRight,oracle-of-secrets
Oracle_BoomerangAttack,$30:D8FE,Sprites/Enemies/goriya.asm,101,BoomerangAttack,oracle-of-secrets
Oracle_Goriya_HandleTileCollision,$30:D956,Sprites/Enemies/goriya.asm,134,Goriya_HandleTileCollision,oracle-of-secrets
Oracle_Goriya_BoomerangAttack,$30:D971,Sprites/Enemies/goriya.asm,146,Goriya_BoomerangAttack,oracle-of-secrets
Oracle_Sprite_Goriya_Move,$30:D9AB,Sprites/Enemies/goriya.asm,164,Sprite_Goriya_Move,oracle-of-secrets
Oracle_Goriya_MoveUp,$30:DA0B,Sprites/Enemies/goriya.asm,202,Goriya_MoveUp,oracle-of-secrets
Oracle_Goriya_MoveDown,$30:DA1E,Sprites/Enemies/goriya.asm,211,Goriya_MoveDown,oracle-of-secrets
Oracle_Goriya_MoveLeft,$30:DA31,Sprites/Enemies/goriya.asm,220,Goriya_MoveLeft,oracle-of-secrets
Oracle_Goriya_MoveRight,$30:DA44,Sprites/Enemies/goriya.asm,229,Goriya_MoveRight,oracle-of-secrets
Oracle_Goriya_Wait,$30:DA57,Sprites/Enemies/goriya.asm,238,Goriya_Wait,oracle-of-secrets
Oracle_Sprite_Goriya_Draw,$30:DA63,Sprites/Enemies/goriya.asm,259,Sprite_Goriya_Draw,oracle-of-secrets
Oracle_Sprite_Boomerang_Draw,$30:DB46,Sprites/Enemies/goriya.asm,349,Sprite_Boomerang_Draw,oracle-of-secrets
Oracle_Sprite_HelmetChuchu_Long,$31:9B38,Sprites/Enemies/helmet_chuchu.asm,34,Sprite_HelmetChuchu_Long,oracle-of-secrets
Oracle_Sprite_HelmetChuchu_Prep,$31:9B4D,Sprites/Enemies/helmet_chuchu.asm,51,Sprite_HelmetChuchu_Prep,oracle-of-secrets
Oracle_Sprite_HelmetChuchu_Main,$31:9B84,Sprites/Enemies/helmet_chuchu.asm,74,Sprite_HelmetChuchu_Main,oracle-of-secrets
Oracle_GreenChuchu_Helmet,$31:9B9B,Sprites/Enemies/helmet_chuchu.asm,84,GreenChuchu_Helmet,oracle-of-secrets
Oracle_GreenChuchu_NoHelmet,$31:9BD8,Sprites/Enemies/helmet_chuchu.asm,97,GreenChuchu_NoHelmet,oracle-of-secrets
Oracle_RedChuchu_Masked,$31:9C13,Sprites/Enemies/helmet_chuchu.asm,110,RedChuchu_Masked,oracle-of-secrets
Oracle_RedChuchu_NoMask,$31:9C50,Sprites/Enemies/helmet_chuchu.asm,123,RedChuchu_NoMask,oracle-of-secrets
Oracle_HelmetSubtype,$31:9C8B,Sprites/Enemies/helmet_chuchu.asm,136,HelmetSubtype,oracle-of-secrets
Oracle_MaskSubtype,$31:9CC2,Sprites/Enemies/helmet_chuchu.asm,147,MaskSubtype,oracle-of-secrets
Oracle_HelmetChuchu_SpawnHookshotDrag,$31:9CF9,Sprites/Enemies/helmet_chuchu.asm,159,HelmetChuchu_SpawnHookshotDrag,oracle-of-secrets
Oracle_Sprite_CheckForHookshot,$31:9D53,Sprites/Enemies/helmet_chuchu.asm,200,Sprite_CheckForHookshot,oracle-of-secrets
Oracle_Sprite_Chuchu_Move,$31:9D66,Sprites/Enemies/helmet_chuchu.asm,217,Sprite_Chuchu_Move,oracle-of-secrets
Oracle_BounceTowardPlayer,$31:9D81,Sprites/Enemies/helmet_chuchu.asm,230,BounceTowardPlayer,oracle-of-secrets
Oracle_RecoilFromPlayer,$31:9DD4,Sprites/Enemies/helmet_chuchu.asm,260,RecoilFromPlayer,oracle-of-secrets
Oracle_Sprite_HelmetChuchu_Draw,$31:9E10,Sprites/Enemies/helmet_chuchu.asm,281,Sprite_HelmetChuchu_Draw,oracle-of-secrets
Oracle_Sprite_Keese_Long,$30:E74E,Sprites/Enemies/keese.asm,37,Sprite_Keese_Long,oracle-of-secrets
Oracle_Sprite_Keese_Prep,$30:E77D,Sprites/Enemies/keese.asm,57,Sprite_Keese_Prep,oracle-of-secrets
Oracle_Sprite_Keese_Main,$30:E7A4,Sprites/Enemies/keese.asm,73,Sprite_Keese_Main,oracle-of-secrets
Oracle_Keese_Idle,$30:E7AF,Sprites/Enemies/keese.asm,81,Keese_Idle,oracle-of-secrets
Oracle_Keese_FlyAround,$30:E7CA,Sprites/Enemies/keese.asm,95,Keese_FlyAround,oracle-of-secrets
Oracle_Sprite_Keese_Attack,$30:E828,Sprites/Enemies/keese.asm,125,Sprite_Keese_Attack,oracle-of-secrets
Oracle_Sprite_Keese_Draw,$30:E842,Sprites/Enemies/keese.asm,138,Sprite_Keese_Draw,oracle-of-secrets
Oracle_Sprite_71_Leever_Alt,$06:A540,Sprites/Enemies/leever.asm,11,Sprite_71_Leever_Alt,oracle-of-secrets
Oracle_Sprite_Leever_Long,$30:EC8E,Sprites/Enemies/leever.asm,25,Sprite_Leever_Long,oracle-of-secrets
Oracle_Sprite_Leever_Move,$30:ECA4,Sprites/Enemies/leever.asm,38,Sprite_Leever_Move,oracle-of-secrets
Oracle_Sprite_Leever_Main,$30:ECB1,Sprites/Enemies/leever.asm,46,Sprite_Leever_Main,oracle-of-secrets
Oracle_Leever_Underground,$30:ECC4,Sprites/Enemies/leever.asm,57,Leever_Underground,oracle-of-secrets
Oracle_Leever_Emerge,$30:ECD7,Sprites/Enemies/leever.asm,68,Leever_Emerge,oracle-of-secrets
Oracle_Leever_Attack,$30:ED0B,Sprites/Enemies/leever.asm,82,Leever_Attack,oracle-of-secrets
Oracle_Leever_Dig,$30:ED46,Sprites/Enemies/leever.asm,99,Leever_Dig,oracle-of-secrets
Oracle_Sprite_Leever_Draw,$30:ED79,Sprites/Enemies/leever.asm,115,Sprite_Leever_Draw,oracle-of-secrets
Oracle_Sprite_Octorok_Long,$2C:C295,Sprites/Enemies/octorok.asm,35,Sprite_Octorok_Long,oracle-of-secrets
Oracle_Sprite_Octorok_Prep,$2C:C2B9,Sprites/Enemies/octorok.asm,53,Sprite_Octorok_Prep,oracle-of-secrets
Oracle_Sprite_Octorok_Main,$2C:C2BE,Sprites/Enemies/octorok.asm,61,Sprite_Octorok_Main,oracle-of-secrets
Oracle_Octorok_MoveDown,$2C:C2E8,Sprites/Enemies/octorok.asm,84,Octorok_MoveDown,oracle-of-secrets
Oracle_Octorok_MoveUp,$2C:C303,Sprites/Enemies/octorok.asm,90,Octorok_MoveUp,oracle-of-secrets
Oracle_Octorok_MoveLeft,$2C:C32A,Sprites/Enemies/octorok.asm,97,Octorok_MoveLeft,oracle-of-secrets
Oracle_Octorok_MoveRight,$2C:C351,Sprites/Enemies/octorok.asm,104,Octorok_MoveRight,oracle-of-secrets
Oracle_Sprite_Octorok_Move,$2C:C378,Sprites/Enemies/octorok.asm,112,Sprite_Octorok_Move,oracle-of-secrets
Oracle_Octorock_ShootEmUp,$2C:C42B,Sprites/Enemies/octorok.asm,183,Octorock_ShootEmUp,oracle-of-secrets
Oracle_Sprite_WaterOctorok_Main,$2C:C454,Sprites/Enemies/octorok.asm,204,Sprite_WaterOctorok_Main,oracle-of-secrets
Oracle_WaterOctorok_FaceDown,$2C:C468,Sprites/Enemies/octorok.asm,217,WaterOctorok_FaceDown,oracle-of-secrets
Oracle_WaterOctorok_FaceUp,$2C:C483,Sprites/Enemies/octorok.asm,223,WaterOctorok_FaceUp,oracle-of-secrets
Oracle_WaterOctorok_FaceLeft,$2C:C4AA,Sprites/Enemies/octorok.asm,230,WaterOctorok_FaceLeft,oracle-of-secrets
Oracle_WaterOctorok_FaceRight,$2C:C4D1,Sprites/Enemies/octorok.asm,237,WaterOctorok_FaceRight,oracle-of-secrets
Oracle_WaterOctorok_FaceHidden,$2C:C4F8,Sprites/Enemies/octorok.asm,244,WaterOctorok_FaceHidden,oracle-of-secrets
Oracle_Sprite_WaterOctorok_Attack,$2C:C51F,Sprites/Enemies/octorok.asm,252,Sprite_WaterOctorok_Attack,oracle-of-secrets
Oracle_WaterOctorok_Hidden,$2C:C536,Sprites/Enemies/octorok.asm,265,WaterOctorok_Hidden,oracle-of-secrets
Oracle_WaterOctorok_PoppingUp,$2C:C54D,Sprites/Enemies/octorok.asm,279,WaterOctorok_PoppingUp,oracle-of-secrets
Oracle_WaterOctorok_Attacking,$2C:C563,Sprites/Enemies/octorok.asm,292,WaterOctorok_Attacking,oracle-of-secrets
Oracle_WaterOctorok_Hiding,$2C:C579,Sprites/Enemies/octorok.asm,304,WaterOctorok_Hiding,oracle-of-secrets
Oracle_Octorok_ShootSingle,$2C:C58C,Sprites/Enemies/octorok.asm,317,Octorok_ShootSingle,oracle-of-secrets
Oracle_Octorok_Shoot4Ways,$2C:C5B7,Sprites/Enemies/octorok.asm,337,Octorok_Shoot4Ways,oracle-of-secrets
Oracle_Octorok_SpawnRock,$2C:C5F0,Sprites/Enemies/octorok.asm,368,Octorok_SpawnRock,oracle-of-secrets
Oracle_Sprite_Octorok_Draw,$2C:C64F,Sprites/Enemies/octorok.asm,413,Sprite_Octorok_Draw,oracle-of-secrets
Oracle_Sprite_PolsVoice_Long,$31:F581,Sprites/Enemies/pols_voice.asm,35,Sprite_PolsVoice_Long,oracle-of-secrets
Oracle_Sprite_PolsVoice_Prep,$31:F596,Sprites/Enemies/pols_voice.asm,47,Sprite_PolsVoice_Prep,oracle-of-secrets
Oracle_Sprite_PolsVoice_Main,$31:F5A6,Sprites/Enemies/pols_voice.asm,57,Sprite_PolsVoice_Main,oracle-of-secrets
Oracle_PolsVoice_MoveAround,$31:F5B4,Sprites/Enemies/pols_voice.asm,64,PolsVoice_MoveAround,oracle-of-secrets
Oracle_PolsVoice_HopAround,$31:F639,Sprites/Enemies/pols_voice.asm,105,PolsVoice_HopAround,oracle-of-secrets
Oracle_PolsVoice_CheckForFluteSong,$31:F684,Sprites/Enemies/pols_voice.asm,126,PolsVoice_CheckForFluteSong,oracle-of-secrets
Oracle_Sprite_PolsVoice_Draw,$31:F692,Sprites/Enemies/pols_voice.asm,138,Sprite_PolsVoice_Draw,oracle-of-secrets
Oracle_Sprite_Poltergeist_Long,$31:EF24,Sprites/Enemies/poltergeist.asm,35,Sprite_Poltergeist_Long,oracle-of-secrets
Oracle_Sprite_Poltergeist_Prep,$31:EF35,Sprites/Enemies/poltergeist.asm,52,Sprite_Poltergeist_Prep,oracle-of-secrets
Oracle_Sprite_Poltergeist_Main,$31:EFEF,Sprites/Enemies/poltergeist.asm,139,Sprite_Poltergeist_Main,oracle-of-secrets
Oracle_PictureFrame,$31:EFFE,Sprites/Enemies/poltergeist.asm,149,PictureFrame,oracle-of-secrets
Oracle_GetLinkDistance16bit,$31:F04E,Sprites/Enemies/poltergeist.asm,179,GetLinkDistance16bit,oracle-of-secrets
Oracle_Chair,$31:F06E,Sprites/Enemies/poltergeist.asm,203,Chair,oracle-of-secrets
Oracle_Shatter,$31:F0DC,Sprites/Enemies/poltergeist.asm,257,Shatter,oracle-of-secrets
Oracle_Axe,$31:F110,Sprites/Enemies/poltergeist.asm,272,Axe,oracle-of-secrets
Oracle_PlayAxe,$31:F1A4,Sprites/Enemies/poltergeist.asm,342,PlayAxe,oracle-of-secrets
Oracle_PlayFork,$31:F1BF,Sprites/Enemies/poltergeist.asm,348,PlayFork,oracle-of-secrets
Oracle_PlayKnife,$31:F1DA,Sprites/Enemies/poltergeist.asm,354,PlayKnife,oracle-of-secrets
Oracle_SpawnerTester,$31:F1F5,Sprites/Enemies/poltergeist.asm,360,SpawnerTester,oracle-of-secrets
Oracle_Sprite_Poltergeist_Draw,$31:F29A,Sprites/Enemies/poltergeist.asm,433,Sprite_Poltergeist_Draw,oracle-of-secrets
Oracle_Sprite_Puffstool_Long,$31:E73F,Sprites/Enemies/puffstool.asm,35,Sprite_Puffstool_Long,oracle-of-secrets
Oracle_Sprite_Puffstool_Prep,$31:E754,Sprites/Enemies/puffstool.asm,49,Sprite_Puffstool_Prep,oracle-of-secrets
Oracle_Sprite_Puffstool_Main,$31:E76D,Sprites/Enemies/puffstool.asm,64,Sprite_Puffstool_Main,oracle-of-secrets
Oracle_Puffstool_Walking,$31:E77A,Sprites/Enemies/puffstool.asm,70,Puffstool_Walking,oracle-of-secrets
Oracle_Puffstool_Stunned,$31:E7CB,Sprites/Enemies/puffstool.asm,93,Puffstool_Stunned,oracle-of-secrets
Oracle_Puffstool_Spores,$31:E81A,Sprites/Enemies/puffstool.asm,118,Puffstool_Spores,oracle-of-secrets
Oracle_Puffstool_SpawnSpores,$31:E855,Sprites/Enemies/puffstool.asm,134,Puffstool_SpawnSpores,oracle-of-secrets
Oracle_Sprite_Puffstool_Draw,$31:E8A1,Sprites/Enemies/puffstool.asm,170,Sprite_Puffstool_Draw,oracle-of-secrets
Oracle_Sprite_SeaUrchin_Long,$30:DE31,Sprites/Enemies/sea_urchin.asm,35,Sprite_SeaUrchin_Long,oracle-of-secrets
Oracle_Sprite_SeaUrchin_Prep,$30:DE46,Sprites/Enemies/sea_urchin.asm,47,Sprite_SeaUrchin_Prep,oracle-of-secrets
Oracle_Sprite_SeaUrchin_Main,$30:DE5F,Sprites/Enemies/sea_urchin.asm,60,Sprite_SeaUrchin_Main,oracle-of-secrets
Oracle_Idle,$30:DE6A,Sprites/Enemies/sea_urchin.asm,68,Idle,oracle-of-secrets
Oracle_Death,$30:DE98,Sprites/Enemies/sea_urchin.asm,79,Death,oracle-of-secrets
Oracle_Sprite_SeaUrchin_Draw,$30:DEB0,Sprites/Enemies/sea_urchin.asm,91,Sprite_SeaUrchin_Draw,oracle-of-secrets
Oracle_Sprite_ThunderGhost_Long,$31:A0C7,Sprites/Enemies/thunder_ghost.asm,36,Sprite_ThunderGhost_Long,oracle-of-secrets
Oracle_Sprite_ThunderGhost_Prep,$31:A0E3,Sprites/Enemies/thunder_ghost.asm,50,Sprite_ThunderGhost_Prep,oracle-of-secrets
Oracle_Sprite_ThunderGhost_Main,$31:A102,Sprites/Enemies/thunder_ghost.asm,66,Sprite_ThunderGhost_Main,oracle-of-secrets
Oracle_ThunderGhostFaceForward,$31:A113,Sprites/Enemies/thunder_ghost.asm,74,ThunderGhostFaceForward,oracle-of-secrets
Oracle_ThunderGhostLeft,$31:A131,Sprites/Enemies/thunder_ghost.asm,81,ThunderGhostLeft,oracle-of-secrets
Oracle_ThunderGhostRight,$31:A14F,Sprites/Enemies/thunder_ghost.asm,88,ThunderGhostRight,oracle-of-secrets
Oracle_CastThunderLeft,$31:A16D,Sprites/Enemies/thunder_ghost.asm,95,CastThunderLeft,oracle-of-secrets
Oracle_CastThunderRight,$31:A1A4,Sprites/Enemies/thunder_ghost.asm,108,CastThunderRight,oracle-of-secrets
Oracle_Sprite_ThunderGhost_Move,$31:A1DB,Sprites/Enemies/thunder_ghost.asm,123,Sprite_ThunderGhost_Move,oracle-of-secrets
Oracle_ThunderGhostMove,$31:A234,Sprites/Enemies/thunder_ghost.asm,153,ThunderGhostMove,oracle-of-secrets
Oracle_SpawnLightningAttack,$31:A24B,Sprites/Enemies/thunder_ghost.asm,166,SpawnLightningAttack,oracle-of-secrets
Oracle_Sprite_ThunderGhost_Draw,$31:A2A9,Sprites/Enemies/thunder_ghost.asm,211,Sprite_ThunderGhost_Draw,oracle-of-secrets
Oracle_Sprite_BeanVendor_Long,$30:904F,Sprites/NPCs/bean_vendor.asm,35,Sprite_BeanVendor_Long,oracle-of-secrets
Oracle_Sprite_BeanVendor_Prep,$30:9074,Sprites/NPCs/bean_vendor.asm,54,Sprite_BeanVendor_Prep,oracle-of-secrets
Oracle_Sprite_BeanVendor_Main,$30:90B3,Sprites/NPCs/bean_vendor.asm,78,Sprite_BeanVendor_Main,oracle-of-secrets
Oracle_BeanVendor,$30:90CA,Sprites/NPCs/bean_vendor.asm,89,BeanVendor,oracle-of-secrets
Oracle_MagicBean,$30:90F8,Sprites/NPCs/bean_vendor.asm,99,MagicBean,oracle-of-secrets
Oracle_BeanVendor_SpawnMagicBean,$30:9130,Sprites/NPCs/bean_vendor.asm,122,BeanVendor_SpawnMagicBean,oracle-of-secrets
Oracle_BeanVendor_PlayerSaidNo,$30:91A6,Sprites/NPCs/bean_vendor.asm,157,BeanVendor_PlayerSaidNo,oracle-of-secrets
Oracle_MagicBean_FertileSoil,$30:91CE,Sprites/NPCs/bean_vendor.asm,165,MagicBean_FertileSoil,oracle-of-secrets
Oracle_MagicBean_RanchFlower,$30:91EA,Sprites/NPCs/bean_vendor.asm,179,MagicBean_RanchFlower,oracle-of-secrets
Oracle_MagicBean_DragPlayer,$30:9243,Sprites/NPCs/bean_vendor.asm,208,MagicBean_DragPlayer,oracle-of-secrets
Oracle_MagicBean_Finished,$30:92E6,Sprites/NPCs/bean_vendor.asm,265,MagicBean_Finished,oracle-of-secrets
Oracle_InitMovement_Long,$30:9308,Sprites/NPCs/bean_vendor.asm,281,InitMovement_Long,oracle-of-secrets
Oracle_ReleaseMagicBean,$30:9319,Sprites/NPCs/bean_vendor.asm,290,ReleaseMagicBean,oracle-of-secrets
Oracle_MagicBean_BottleLogic,$30:9350,Sprites/NPCs/bean_vendor.asm,308,MagicBean_BottleLogic,oracle-of-secrets
Oracle_Sprite_BeanVendor_Draw,$30:93C5,Sprites/NPCs/bean_vendor.asm,345,Sprite_BeanVendor_Draw,oracle-of-secrets
Oracle_BottleVendor_MilkHandler,$30:EB90,Sprites/NPCs/bottle_vendor.asm,7,BottleVendor_MilkHandler,oracle-of-secrets
Oracle_BottleVendor_SellMilk,$30:EBA1,Sprites/NPCs/bottle_vendor.asm,18,BottleVendor_SellMilk,oracle-of-secrets
Oracle_BottleVendor_Idle,$30:EBB4,Sprites/NPCs/bottle_vendor.asm,30,BottleVendor_Idle,oracle-of-secrets
Oracle_BottleVendor_BoughtMilkBottle,$30:EBE2,Sprites/NPCs/bottle_vendor.asm,41,BottleVendor_BoughtMilkBottle,oracle-of-secrets
Oracle_BottleVendor_NotEnoughRupees,$30:EC58,Sprites/NPCs/bottle_vendor.asm,78,BottleVendor_NotEnoughRupees,oracle-of-secrets
Oracle_BottleVendor_HandlePlayerResponse,$30:EC64,Sprites/NPCs/bottle_vendor.asm,85,BottleVendor_HandlePlayerResponse,oracle-of-secrets
Oracle_BottleVendor_ComeBackAgain,$30:EC75,Sprites/NPCs/bottle_vendor.asm,95,BottleVendor_ComeBackAgain,oracle-of-secrets
Oracle_BottleVendor_NoAvailableBottles,$30:EC81,Sprites/NPCs/bottle_vendor.asm,102,BottleVendor_NoAvailableBottles,oracle-of-secrets
Oracle_SickKid_CheckForSongOfHealing,$32:FAF7,Sprites/NPCs/bug_net_kid.asm,4,SickKid_CheckForSongOfHealing,oracle-of-secrets
Oracle_SpritePrep_SickKid,$06:8D7F,Sprites/NPCs/bug_net_kid.asm,20,SpritePrep_SickKid,oracle-of-secrets
Oracle_BugNetKid_Resting,$06:B962,Sprites/NPCs/bug_net_kid.asm,30,BugNetKid_Resting,oracle-of-secrets
Oracle_BugNetKid_GrantBugNet,$06:B9C6,Sprites/NPCs/bug_net_kid.asm,48,BugNetKid_GrantBugNet,oracle-of-secrets
Oracle_Sprite_DekuScrub_Long,$31:93B7,Sprites/NPCs/deku_scrub.asm,93,Sprite_DekuScrub_Long,oracle-of-secrets
Oracle_Sprite_DekuScrub_Prep,$31:93C8,Sprites/NPCs/deku_scrub.asm,104,Sprite_DekuScrub_Prep,oracle-of-secrets
Oracle_Sprite_DekuScrub_Main,$31:941D,Sprites/NPCs/deku_scrub.asm,139,Sprite_DekuScrub_Main,oracle-of-secrets
Oracle_EstadoInactivo,$31:9436,Sprites/NPCs/deku_scrub.asm,155,EstadoInactivo,oracle-of-secrets
Oracle_QuiereCuracion,$31:946E,Sprites/NPCs/deku_scrub.asm,167,QuiereCuracion,oracle-of-secrets
Oracle_DarMascara,$31:94A5,Sprites/NPCs/deku_scrub.asm,180,DarMascara,oracle-of-secrets
Oracle_Regalo,$31:94D7,Sprites/NPCs/deku_scrub.asm,191,Regalo,oracle-of-secrets
Oracle_Withered,$31:94F1,Sprites/NPCs/deku_scrub.asm,202,Withered,oracle-of-secrets
Oracle_DekuButler,$31:950C,Sprites/NPCs/deku_scrub.asm,208,DekuButler,oracle-of-secrets
Oracle_DekuPrincess,$31:9533,Sprites/NPCs/deku_scrub.asm,216,DekuPrincess,oracle-of-secrets
Oracle_DekuButler_Peacetime,$31:955A,Sprites/NPCs/deku_scrub.asm,224,DekuButler_Peacetime,oracle-of-secrets
Oracle_DekuPrinces_Peacetime,$31:9595,Sprites/NPCs/deku_scrub.asm,235,DekuPrinces_Peacetime,oracle-of-secrets
Oracle_Sprite_DekuScrub_Draw,$31:95D0,Sprites/NPCs/deku_scrub.asm,247,Sprite_DekuScrub_Draw,oracle-of-secrets
Oracle_Sprite_EonOwl_Long,$2C:CB2E,Sprites/NPCs/eon_owl.asm,34,Sprite_EonOwl_Long,oracle-of-secrets
Oracle_Sprite_EonOwl_Prep,$2C:CB65,Sprites/NPCs/eon_owl.asm,62,Sprite_EonOwl_Prep,oracle-of-secrets
Oracle_Sprite_EonOwl_Main,$2C:CB8F,Sprites/NPCs/eon_owl.asm,84,Sprite_EonOwl_Main,oracle-of-secrets
Oracle_EonOwl_Idle,$2C:CBA2,Sprites/NPCs/eon_owl.asm,97,EonOwl_Idle,oracle-of-secrets
Oracle_EonOwl_IntroDialogue,$2C:CBCA,Sprites/NPCs/eon_owl.asm,106,EonOwl_IntroDialogue,oracle-of-secrets
Oracle_EonOwl_FlyingAway,$2C:CBF7,Sprites/NPCs/eon_owl.asm,115,EonOwl_FlyingAway,oracle-of-secrets
Oracle_KaeporaGaebora,$2C:CC2F,Sprites/NPCs/eon_owl.asm,133,KaeporaGaebora,oracle-of-secrets
Oracle_KaeporaGaebora_Respond,$2C:CC64,Sprites/NPCs/eon_owl.asm,144,KaeporaGaebora_Respond,oracle-of-secrets
Oracle_KaeporaGaebora_FlyAway,$2C:CC80,Sprites/NPCs/eon_owl.asm,157,KaeporaGaebora_FlyAway,oracle-of-secrets
Oracle_Sprite_EonOwl_Draw,$2C:CC92,Sprites/NPCs/eon_owl.asm,170,Sprite_EonOwl_Draw,oracle-of-secrets
Oracle_Sprite_KaeporaGaebora_Draw,$2C:CD49,Sprites/NPCs/eon_owl.asm,251,Sprite_KaeporaGaebora_Draw,oracle-of-secrets
Oracle_Sprite_EonZora_Main,$2C:CDD4,Sprites/NPCs/eon_zora.asm,39,Sprite_EonZora_Main,oracle-of-secrets
Oracle_EonZora_Forward,$2C:CDF1,Sprites/NPCs/eon_zora.asm,55,EonZora_Forward,oracle-of-secrets
Oracle_EonZora_Left,$2C:CE0C,Sprites/NPCs/eon_zora.asm,58,EonZora_Left,oracle-of-secrets
Oracle_EonZora_Right,$2C:CE27,Sprites/NPCs/eon_zora.asm,61,EonZora_Right,oracle-of-secrets
Oracle_EonZora_Back,$2C:CE42,Sprites/NPCs/eon_zora.asm,64,EonZora_Back,oracle-of-secrets
Oracle_EonZora_Walk,$2C:CE5D,Sprites/NPCs/eon_zora.asm,69,EonZora_Walk,oracle-of-secrets
Oracle_EonZora_HandleDialogue,$2C:CE86,Sprites/NPCs/eon_zora.asm,85,EonZora_HandleDialogue,oracle-of-secrets
Oracle_Sprite_EonZora_Draw,$2C:CEE9,Sprites/NPCs/eon_zora.asm,119,Sprite_EonZora_Draw,oracle-of-secrets
Oracle_Sprite_EonZoraElder_Main,$2C:CFC4,Sprites/NPCs/eon_zora_elder.asm,39,Sprite_EonZoraElder_Main,oracle-of-secrets
Oracle_EonZoraElder_Idle,$2C:CFD1,Sprites/NPCs/eon_zora_elder.asm,48,EonZoraElder_Idle,oracle-of-secrets
Oracle_EonZoraElder_Surprised,$2C:CFEC,Sprites/NPCs/eon_zora_elder.asm,51,EonZoraElder_Surprised,oracle-of-secrets
Oracle_EonZoraElder_WithRod,$2C:D007,Sprites/NPCs/eon_zora_elder.asm,54,EonZoraElder_WithRod,oracle-of-secrets
Oracle_Sprite_EonZoraElder_Draw,$2C:D022,Sprites/NPCs/eon_zora_elder.asm,63,Sprite_EonZoraElder_Draw,oracle-of-secrets
Oracle_Sprite_Farore_Long,$30:8668,Sprites/NPCs/farore.asm,83,Sprite_Farore_Long,oracle-of-secrets
Oracle_Sprite_Farore_Prep,$30:868C,Sprites/NPCs/farore.asm,100,Sprite_Farore_Prep,oracle-of-secrets
Oracle_Sprite_Farore_Main,$30:86A9,Sprites/NPCs/farore.asm,120,Sprite_Farore_Main,oracle-of-secrets
Oracle_IntroStart,$30:86C0,Sprites/NPCs/farore.asm,135,IntroStart,oracle-of-secrets
Oracle_MoveUpTowardsFarore,$30:86E2,Sprites/NPCs/farore.asm,152,MoveUpTowardsFarore,oracle-of-secrets
Oracle_MoveLeftTowardsFarore,$30:8711,Sprites/NPCs/farore.asm,166,MoveLeftTowardsFarore,oracle-of-secrets
Oracle_WaitAndMessage,$30:8747,Sprites/NPCs/farore.asm,184,WaitAndMessage,oracle-of-secrets
Oracle_Farore_ProceedWithCutscene,$30:8786,Sprites/NPCs/farore.asm,201,Farore_ProceedWithCutscene,oracle-of-secrets
Oracle_FaroreFollowPlayer,$30:8791,Sprites/NPCs/farore.asm,210,FaroreFollowPlayer,oracle-of-secrets
Oracle_MakuArea_FaroreFollowPlayer,$30:87DD,Sprites/NPCs/farore.asm,231,MakuArea_FaroreFollowPlayer,oracle-of-secrets
Oracle_MakuArea_FaroreWaitForKydrog,$30:8807,Sprites/NPCs/farore.asm,244,MakuArea_FaroreWaitForKydrog,oracle-of-secrets
Oracle_Sprite_Farore_Draw,$30:8822,Sprites/NPCs/farore.asm,251,Sprite_Farore_Draw,oracle-of-secrets
Oracle_Follower_WatchLink,$2C:BD25,Sprites/NPCs/followers.asm,23,Follower_WatchLink,oracle-of-secrets
Oracle_ZoraBaby_RevertToSprite,$2C:BD42,Sprites/NPCs/followers.asm,91,ZoraBaby_RevertToSprite,oracle-of-secrets
Oracle_CheckForZoraBabyTransitionToSprite,$2C:BD9A,Sprites/NPCs/followers.asm,119,CheckForZoraBabyTransitionToSprite,oracle-of-secrets
Oracle_CheckForZoraBabyFollower,$2C:BDC3,Sprites/NPCs/followers.asm,149,CheckForZoraBabyFollower,oracle-of-secrets
Oracle_UploadZoraBabyGraphicsPrep,$2C:BDD3,Sprites/NPCs/followers.asm,160,UploadZoraBabyGraphicsPrep,oracle-of-secrets
Oracle_ZoraBaby_FindSpriteOfType,$2C:BDF4,Sprites/NPCs/followers.asm,190,ZoraBaby_FindSpriteOfType,oracle-of-secrets
Oracle_ZoraBaby_IsOnTopOfSprite,$2C:BE0A,Sprites/NPCs/followers.asm,212,ZoraBaby_IsOnTopOfSprite,oracle-of-secrets
Oracle_ZoraBaby_CheckForWaterSwitchSprite,$2C:BE3A,Sprites/NPCs/followers.asm,232,ZoraBaby_CheckForWaterSwitchSprite,oracle-of-secrets
Oracle_ZoraBaby_CheckForWaterGateSwitch,$2C:BE47,Sprites/NPCs/followers.asm,244,ZoraBaby_CheckForWaterGateSwitch,oracle-of-secrets
Oracle_ZoraBaby_GlobalBehavior,$2C:BE54,Sprites/NPCs/followers.asm,256,ZoraBaby_GlobalBehavior,oracle-of-secrets
Oracle_SpritePrep_Locksmith,$06:8D59,Sprites/NPCs/followers.asm,307,SpritePrep_Locksmith,oracle-of-secrets
Oracle_Sprite_39_ZoraBaby,$06:BCAC,Sprites/NPCs/followers.asm,334,Sprite_39_ZoraBaby,oracle-of-secrets
Oracle_LockSmith_Chillin,$06:BCCB,Sprites/NPCs/followers.asm,353,LockSmith_Chillin,oracle-of-secrets
Oracle_ZoraBaby_FollowLink,$06:BD05,Sprites/NPCs/followers.asm,381,ZoraBaby_FollowLink,oracle-of-secrets
Oracle_ZoraBaby_OfferService,$06:BD26,Sprites/NPCs/followers.asm,402,ZoraBaby_OfferService,oracle-of-secrets
Oracle_ZoraBaby_RespondToAnswer,$06:BD3C,Sprites/NPCs/followers.asm,415,ZoraBaby_RespondToAnswer,oracle-of-secrets
Oracle_ZoraBaby_AgreeToWait,$06:BD62,Sprites/NPCs/followers.asm,440,ZoraBaby_AgreeToWait,oracle-of-secrets
Oracle_ZoraBaby_PullSwitch,$06:BD7A,Sprites/NPCs/followers.asm,454,ZoraBaby_PullSwitch,oracle-of-secrets
Oracle_ZoraBaby_PostSwitch,$06:BD88,Sprites/NPCs/followers.asm,465,ZoraBaby_PostSwitch,oracle-of-secrets
Oracle_OldMan_ExpandedPrep,$2C:BEA0,Sprites/NPCs/followers.asm,481,OldMan_ExpandedPrep,oracle-of-secrets
Oracle_SpritePrep_OldMan,$1E:E8F1,Sprites/NPCs/followers.asm,506,SpritePrep_OldMan,oracle-of-secrets
Oracle_Follower_HandleTriggerData,$09:A4C8,Sprites/NPCs/followers.asm,547,Follower_HandleTriggerData,oracle-of-secrets
Oracle_Kiki_CheckIfScared,$2C:BEB2,Sprites/NPCs/followers.asm,606,Kiki_CheckIfScared,oracle-of-secrets
Oracle_Kiki_WalkOnRoof,$1E:E2E9,Sprites/NPCs/followers.asm,631,Kiki_WalkOnRoof,oracle-of-secrets
Oracle_Kiki_HopToSpot,$1E:E576,Sprites/NPCs/followers.asm,639,Kiki_HopToSpot,oracle-of-secrets
Oracle_Kiki_WalkOnRoof_Ext,$1E:E5E9,Sprites/NPCs/followers.asm,651,Kiki_WalkOnRoof_Ext,oracle-of-secrets
Oracle_FollowerDraw_CalculateOAMCoords,$2C:BEC7,Sprites/NPCs/followers.asm,662,FollowerDraw_CalculateOAMCoords,oracle-of-secrets
Oracle_MinecartFollower_Top,$2C:BEF4,Sprites/NPCs/followers.asm,683,MinecartFollower_Top,oracle-of-secrets
Oracle_MinecartFollower_Bottom,$2C:BF97,Sprites/NPCs/followers.asm,756,MinecartFollower_Bottom,oracle-of-secrets
Oracle_Minecart_AnimDirection,$2C:C03A,Sprites/NPCs/followers.asm,831,Minecart_AnimDirection,oracle-of-secrets
Oracle_MinecartFollower_TransitionToSprite,$2C:C03E,Sprites/NPCs/followers.asm,834,MinecartFollower_TransitionToSprite,oracle-of-secrets
Oracle_DrawMinecartFollower,$2C:C0A4,Sprites/NPCs/followers.asm,866,DrawMinecartFollower,oracle-of-secrets
Oracle_FollowerDraw_CachePosition,$2C:C0C8,Sprites/NPCs/followers.asm,886,FollowerDraw_CachePosition,oracle-of-secrets
Oracle_CheckForMinecartFollowerDraw,$2C:C186,Sprites/NPCs/followers.asm,979,CheckForMinecartFollowerDraw,oracle-of-secrets
Oracle_CheckForFollowerInterroomTransition,$2C:C196,Sprites/NPCs/followers.asm,990,CheckForFollowerInterroomTransition,oracle-of-secrets
Oracle_CheckForFollowerIntraroomTransition,$2C:C1B5,Sprites/NPCs/followers.asm,1014,CheckForFollowerIntraroomTransition,oracle-of-secrets
Oracle_LinkState_Minecart,$2C:C1C9,Sprites/NPCs/followers.asm,1034,LinkState_Minecart,oracle-of-secrets
Oracle_TileBehavior_TL_Long,$2C:C27B,Sprites/NPCs/followers.asm,1096,TileBehavior_TL_Long,oracle-of-secrets
Oracle_TileBehavior_StopLeft_Long,$2C:C285,Sprites/NPCs/followers.asm,1106,TileBehavior_StopLeft_Long,oracle-of-secrets
Oracle_TileBehavior_TL,$07:A5FC,Sprites/NPCs/followers.asm,1123,TileBehavior_TL,oracle-of-secrets
Oracle_TileBehavior_StopLeft,$07:A601,Sprites/NPCs/followers.asm,1127,TileBehavior_StopLeft,oracle-of-secrets
Oracle_FortuneTellerMessage,$0D:C829,Sprites/NPCs/fortune_teller.asm,6,FortuneTellerMessage,oracle-of-secrets
Oracle_FortuneTeller_PerformPseudoScience,$0D:C849,Sprites/NPCs/fortune_teller.asm,44,FortuneTeller_PerformPseudoScience,oracle-of-secrets
Oracle_Sprite_Goron_Long,$2C:D68B,Sprites/NPCs/goron.asm,81,Sprite_Goron_Long,oracle-of-secrets
Oracle_Sprite_Goron_Prep,$2C:D6AB,Sprites/NPCs/goron.asm,98,Sprite_Goron_Prep,oracle-of-secrets
Oracle_Sprite_Goron_Main,$2C:D6F0,Sprites/NPCs/goron.asm,127,Sprite_Goron_Main,oracle-of-secrets
Oracle_KalyxoGoron_Main,$2C:D707,Sprites/NPCs/goron.asm,141,KalyxoGoron_Main,oracle-of-secrets
Oracle_KalyxoGoron_OpenMines,$2C:D731,Sprites/NPCs/goron.asm,157,KalyxoGoron_OpenMines,oracle-of-secrets
Oracle_KalyxoGoron_MinesOpened,$2C:D754,Sprites/NPCs/goron.asm,165,KalyxoGoron_MinesOpened,oracle-of-secrets
Oracle_EonGoron_Main,$2C:D76F,Sprites/NPCs/goron.asm,171,EonGoron_Main,oracle-of-secrets
Oracle_EonGoron_Sing,$2C:D792,Sprites/NPCs/goron.asm,178,EonGoron_Sing,oracle-of-secrets
Oracle_EonGoron_Punch,$2C:D7B5,Sprites/NPCs/goron.asm,185,EonGoron_Punch,oracle-of-secrets
Oracle_Sprite_KalyxoGoron_Draw,$2C:D7D8,Sprites/NPCs/goron.asm,193,Sprite_KalyxoGoron_Draw,oracle-of-secrets
Oracle_Sprite_EonGoron_Draw,$2C:D881,Sprites/NPCs/goron.asm,271,Sprite_EonGoron_Draw,oracle-of-secrets
Oracle_Sprite_HyruleDream_Prep,$30:88FF,Sprites/NPCs/hyrule_dream.asm,1,Sprite_HyruleDream_Prep,oracle-of-secrets
Oracle_Sprite_HyruleDream_Main,$30:8919,Sprites/NPCs/hyrule_dream.asm,15,Sprite_HyruleDream_Main,oracle-of-secrets
Oracle_Zelda_Idle,$30:8926,Sprites/NPCs/hyrule_dream.asm,21,Zelda_Idle,oracle-of-secrets
Oracle_King_Idle,$30:892A,Sprites/NPCs/hyrule_dream.asm,27,King_Idle,oracle-of-secrets
Oracle_Soldier_Idle,$30:8930,Sprites/NPCs/hyrule_dream.asm,33,Soldier_Idle,oracle-of-secrets
Oracle_Sprite_HyruleDream_Draw,$30:8936,Sprites/NPCs/hyrule_dream.asm,40,Sprite_HyruleDream_Draw,oracle-of-secrets
Oracle_Impa_SetSpawnPointFlag,$31:EF15,Sprites/NPCs/impa.asm,57,Impa_SetSpawnPointFlag,oracle-of-secrets
Oracle_Zelda_BecomeFollower,$05:ED43,Sprites/NPCs/impa.asm,78,Zelda_BecomeFollower,oracle-of-secrets
Oracle_Zelda_ApproachHero,$05:ED10,Sprites/NPCs/impa.asm,86,Zelda_ApproachHero,oracle-of-secrets
Oracle_Sprite_Korok_Long,$30:DF5C,Sprites/NPCs/korok.asm,81,Sprite_Korok_Long,oracle-of-secrets
Oracle_Sprite_Korok_Prep,$30:DF8F,Sprites/NPCs/korok.asm,107,Sprite_Korok_Prep,oracle-of-secrets
Oracle_Sprite_Korok_Main,$30:DF9D,Sprites/NPCs/korok.asm,117,Sprite_Korok_Main,oracle-of-secrets
Oracle_Sprite_Korok_Idle,$30:DFB0,Sprites/NPCs/korok.asm,129,Sprite_Korok_Idle,oracle-of-secrets
Oracle_Sprite_Korok_WalkingDown,$30:DFF3,Sprites/NPCs/korok.asm,149,Sprite_Korok_WalkingDown,oracle-of-secrets
Oracle_Sprite_Korok_WalkingUp,$30:E025,Sprites/NPCs/korok.asm,160,Sprite_Korok_WalkingUp,oracle-of-secrets
Oracle_Sprite_Korok_WalkingLeft,$30:E057,Sprites/NPCs/korok.asm,171,Sprite_Korok_WalkingLeft,oracle-of-secrets
Oracle_Sprite_Korok_WalkingRight,$30:E089,Sprites/NPCs/korok.asm,182,Sprite_Korok_WalkingRight,oracle-of-secrets
Oracle_Sprite_Korok_Liftable,$30:E0BB,Sprites/NPCs/korok.asm,194,Sprite_Korok_Liftable,oracle-of-secrets
Oracle_Sprite_Korok_DrawMakar,$30:E0C8,Sprites/NPCs/korok.asm,212,Sprite_Korok_DrawMakar,oracle-of-secrets
Oracle_Sprite_Korok_DrawHollo,$30:E23B,Sprites/NPCs/korok.asm,339,Sprite_Korok_DrawHollo,oracle-of-secrets
Oracle_Sprite_Korok_DrawRown,$30:E376,Sprites/NPCs/korok.asm,466,Sprite_Korok_DrawRown,oracle-of-secrets
Oracle_Sprite_MakuTree_Long,$30:8B3B,Sprites/NPCs/maku_tree.asm,85,Sprite_MakuTree_Long,oracle-of-secrets
Oracle_Sprite_MakuTree_Prep,$30:8B49,Sprites/NPCs/maku_tree.asm,95,Sprite_MakuTree_Prep,oracle-of-secrets
Oracle_Sprite_MakuTree_Main,$30:8B5B,Sprites/NPCs/maku_tree.asm,109,Sprite_MakuTree_Main,oracle-of-secrets
Oracle_MakuTree_Handler,$30:8B6E,Sprites/NPCs/maku_tree.asm,121,MakuTree_Handler,oracle-of-secrets
Oracle_MakuTree_MeetLink,$30:8B82,Sprites/NPCs/maku_tree.asm,132,MakuTree_MeetLink,oracle-of-secrets
Oracle_MakuTree_SpawnHeartContainer,$30:8BAE,Sprites/NPCs/maku_tree.asm,144,MakuTree_SpawnHeartContainer,oracle-of-secrets
Oracle_MakuTree_HasMetLink,$30:8BBA,Sprites/NPCs/maku_tree.asm,152,MakuTree_HasMetLink,oracle-of-secrets
Oracle_MakuTreeReactionTable,$30:8BE0,Sprites/NPCs/maku_tree.asm,184,MakuTreeReactionTable,oracle-of-secrets
Oracle_MapleHandler,$30:A4BB,Sprites/NPCs/maple.asm,1,MapleHandler,oracle-of-secrets
Oracle_Maple_Idle,$30:A4F2,Sprites/NPCs/maple.asm,20,Maple_Idle,oracle-of-secrets
Oracle_Maple_HandleFirstResponse,$30:A511,Sprites/NPCs/maple.asm,32,Maple_HandleFirstResponse,oracle-of-secrets
Oracle_Maple_DreamOrExplain,$30:A52A,Sprites/NPCs/maple.asm,46,Maple_DreamOrExplain,oracle-of-secrets
Oracle_Maple_ExplainHut,$30:A54B,Sprites/NPCs/maple.asm,62,Maple_ExplainHut,oracle-of-secrets
Oracle_Maple_ExplainPendants,$30:A557,Sprites/NPCs/maple.asm,69,Maple_ExplainPendants,oracle-of-secrets
Oracle_Maple_CheckForPendant,$30:A563,Sprites/NPCs/maple.asm,76,Maple_CheckForPendant,oracle-of-secrets
Oracle_Maple_NoNewPendant,$30:A5BE,Sprites/NPCs/maple.asm,102,Maple_NoNewPendant,oracle-of-secrets
Oracle_Maple_PutLinkToSleep,$30:A5CA,Sprites/NPCs/maple.asm,109,Maple_PutLinkToSleep,oracle-of-secrets
Oracle_Maple_HandleDreams,$30:A5D1,Sprites/NPCs/maple.asm,116,Maple_HandleDreams,oracle-of-secrets
Oracle_Sprite_PutLinkToSleep,$30:A5DA,Sprites/NPCs/maple.asm,125,Sprite_PutLinkToSleep,oracle-of-secrets
Oracle_Link_HandleDreams,$30:A617,Sprites/NPCs/maple.asm,143,Link_HandleDreams,oracle-of-secrets
Oracle_Dream_Wisdom,$30:A624,Sprites/NPCs/maple.asm,152,Dream_Wisdom,oracle-of-secrets
Oracle_Dream_Power,$30:A638,Sprites/NPCs/maple.asm,161,Dream_Power,oracle-of-secrets
Oracle_Dream_Courage,$30:A648,Sprites/NPCs/maple.asm,169,Dream_Courage,oracle-of-secrets
Oracle_Link_WarpToRoom,$30:A658,Sprites/NPCs/maple.asm,178,Link_WarpToRoom,oracle-of-secrets
Oracle_Link_FallIntoDungeon,$30:A673,Sprites/NPCs/maple.asm,197,Link_FallIntoDungeon,oracle-of-secrets
Oracle_Sprite_MaskSalesman_Long,$30:8BEF,Sprites/NPCs/mask_salesman.asm,91,Sprite_MaskSalesman_Long,oracle-of-secrets
Oracle_Sprite_MaskSalesman_Prep,$30:8C00,Sprites/NPCs/mask_salesman.asm,102,Sprite_MaskSalesman_Prep,oracle-of-secrets
Oracle_Sprite_MaskSalesman_Main,$30:8C05,Sprites/NPCs/mask_salesman.asm,109,Sprite_MaskSalesman_Main,oracle-of-secrets
Oracle_InquiryHandler,$30:8C26,Sprites/NPCs/mask_salesman.asm,129,InquiryHandler,oracle-of-secrets
Oracle_NoOcarina,$30:8C93,Sprites/NPCs/mask_salesman.asm,169,NoOcarina,oracle-of-secrets
Oracle_HasOcarina,$30:8CC5,Sprites/NPCs/mask_salesman.asm,180,HasOcarina,oracle-of-secrets
Oracle_TeachLinkSong,$30:8CED,Sprites/NPCs/mask_salesman.asm,189,TeachLinkSong,oracle-of-secrets
Oracle_OfferBunnyHood,$30:8D12,Sprites/NPCs/mask_salesman.asm,204,OfferBunnyHood,oracle-of-secrets
Oracle_OfferStoneMask,$30:8D3A,Sprites/NPCs/mask_salesman.asm,213,OfferStoneMask,oracle-of-secrets
Oracle_PlayerSaidNoToMask,$30:8D62,Sprites/NPCs/mask_salesman.asm,222,PlayerSaidNoToMask,oracle-of-secrets
Oracle_PlayerHasAllMasks,$30:8D8A,Sprites/NPCs/mask_salesman.asm,231,PlayerHasAllMasks,oracle-of-secrets
Oracle_BoughtBunnyHood,$30:8DB2,Sprites/NPCs/mask_salesman.asm,239,BoughtBunnyHood,oracle-of-secrets
Oracle_BoughtStoneMask,$30:8E13,Sprites/NPCs/mask_salesman.asm,273,BoughtStoneMask,oracle-of-secrets
Oracle_NotEnoughMoney,$30:8E74,Sprites/NPCs/mask_salesman.asm,306,NotEnoughMoney,oracle-of-secrets
Oracle_Sprite_MaskSalesman_Draw,$30:8E9C,Sprites/NPCs/mask_salesman.asm,315,Sprite_MaskSalesman_Draw,oracle-of-secrets
Oracle_Sprite_Mermaid_Long,$30:9FB2,Sprites/NPCs/mermaid.asm,34,Sprite_Mermaid_Long,oracle-of-secrets
Oracle_Sprite_Mermaid_Prep,$30:9FDC,Sprites/NPCs/mermaid.asm,56,Sprite_Mermaid_Prep,oracle-of-secrets
Oracle_Sprite_Mermaid_Main,$30:A008,Sprites/NPCs/mermaid.asm,79,Sprite_Mermaid_Main,oracle-of-secrets
Oracle_MermaidHandler,$30:A015,Sprites/NPCs/mermaid.asm,88,MermaidHandler,oracle-of-secrets
Oracle_MermaidWait,$30:A022,Sprites/NPCs/mermaid.asm,97,MermaidWait,oracle-of-secrets
Oracle_MermaidDive,$30:A058,Sprites/NPCs/mermaid.asm,110,MermaidDive,oracle-of-secrets
Oracle_MermaidSwim,$30:A087,Sprites/NPCs/mermaid.asm,121,MermaidSwim,oracle-of-secrets
Oracle_LibrarianHandler,$30:A0CD,Sprites/NPCs/mermaid.asm,141,LibrarianHandler,oracle-of-secrets
Oracle_LibrarianIdle,$30:A0DE,Sprites/NPCs/mermaid.asm,152,LibrarianIdle,oracle-of-secrets
Oracle_Librarian_CheckResponse,$30:A126,Sprites/NPCs/mermaid.asm,177,Librarian_CheckResponse,oracle-of-secrets
Oracle_Librarian_OfferTranslation,$30:A164,Sprites/NPCs/mermaid.asm,215,Librarian_OfferTranslation,oracle-of-secrets
Oracle_Librarian_TranslateScroll,$30:A27E,Sprites/NPCs/mermaid.asm,272,Librarian_TranslateScroll,oracle-of-secrets
Oracle_Librarian_FinishTranslation,$30:A2BE,Sprites/NPCs/mermaid.asm,299,Librarian_FinishTranslation,oracle-of-secrets
Oracle_Librarian_CheckForAllMaps,$30:A2E4,Sprites/NPCs/mermaid.asm,309,Librarian_CheckForAllMaps,oracle-of-secrets
Oracle_Librarian_CheckForNoMaps,$30:A2F8,Sprites/NPCs/mermaid.asm,321,Librarian_CheckForNoMaps,oracle-of-secrets
Oracle_Sprite_Mermaid_Draw,$30:A30C,Sprites/NPCs/mermaid.asm,333,Sprite_Mermaid_Draw,oracle-of-secrets
Oracle_Sprite_Maple_Draw,$30:A3B2,Sprites/NPCs/mermaid.asm,416,Sprite_Maple_Draw,oracle-of-secrets
Oracle_Sprite_Librarian_Draw,$30:A42E,Sprites/NPCs/mermaid.asm,487,Sprite_Librarian_Draw,oracle-of-secrets
Oracle_Sprite_Piratian_Long,$2C:C6DA,Sprites/NPCs/piratian.asm,33,Sprite_Piratian_Long,oracle-of-secrets
Oracle_Sprite_Piratian_Prep,$2C:C6EF,Sprites/NPCs/piratian.asm,45,Sprite_Piratian_Prep,oracle-of-secrets
Oracle_Sprite_Piratian_Main,$2C:C70E,Sprites/NPCs/piratian.asm,59,Sprite_Piratian_Main,oracle-of-secrets
Oracle_Piratian_MoveDown,$2C:C722,Sprites/NPCs/piratian.asm,72,Piratian_MoveDown,oracle-of-secrets
Oracle_Piratian_MoveUp,$2C:C73D,Sprites/NPCs/piratian.asm,78,Piratian_MoveUp,oracle-of-secrets
Oracle_Piratian_MoveLeft,$2C:C758,Sprites/NPCs/piratian.asm,84,Piratian_MoveLeft,oracle-of-secrets
Oracle_Piratian_MoveRight,$2C:C773,Sprites/NPCs/piratian.asm,90,Piratian_MoveRight,oracle-of-secrets
Oracle_SkullHead,$2C:C78E,Sprites/NPCs/piratian.asm,96,SkullHead,oracle-of-secrets
Oracle_Sprite_Piratian_Move,$2C:C7A9,Sprites/NPCs/piratian.asm,103,Sprite_Piratian_Move,oracle-of-secrets
Oracle_Sprite_Piratian_Friendly,$2C:C805,Sprites/NPCs/piratian.asm,139,Sprite_Piratian_Friendly,oracle-of-secrets
Oracle_Sprite_Piratian_Draw,$2C:C81A,Sprites/NPCs/piratian.asm,148,Sprite_Piratian_Draw,oracle-of-secrets
Oracle_RanchGirl_Message,$0D:C92E,Sprites/NPCs/ranch_girl.asm,50,RanchGirl_Message,oracle-of-secrets
Oracle_RanchGirl_TeachSong,$0D:C957,Sprites/NPCs/ranch_girl.asm,63,RanchGirl_TeachSong,oracle-of-secrets
Oracle_ChickenLady,$1A:FECF,Sprites/NPCs/ranch_girl.asm,91,ChickenLady,oracle-of-secrets
Oracle_Sprite_Tingle_Long,$2C:D446,Sprites/NPCs/tingle.asm,81,Sprite_Tingle_Long,oracle-of-secrets
Oracle_Sprite_Tingle_Prep,$2C:D45B,Sprites/NPCs/tingle.asm,93,Sprite_Tingle_Prep,oracle-of-secrets
Oracle_Sprite_Tingle_Main,$2C:D460,Sprites/NPCs/tingle.asm,101,Sprite_Tingle_Main,oracle-of-secrets
Oracle_Tingle_Forward,$2C:D477,Sprites/NPCs/tingle.asm,114,Tingle_Forward,oracle-of-secrets
Oracle_Tingle_Right,$2C:D495,Sprites/NPCs/tingle.asm,121,Tingle_Right,oracle-of-secrets
Oracle_Tingle_Left,$2C:D4B3,Sprites/NPCs/tingle.asm,128,Tingle_Left,oracle-of-secrets
Oracle_Tingle_MapPrompt,$2C:D4D1,Sprites/NPCs/tingle.asm,135,Tingle_MapPrompt,oracle-of-secrets
Oracle_Tingle_MapSales,$2C:D52B,Sprites/NPCs/tingle.asm,165,Tingle_MapSales,oracle-of-secrets
Oracle_Tingle_PlayerSaidNo,$2C:D5B4,Sprites/NPCs/tingle.asm,211,Tingle_PlayerSaidNo,oracle-of-secrets
Oracle_Sprite_Tingle_TrackPlayer,$2C:D5C0,Sprites/NPCs/tingle.asm,219,Sprite_Tingle_TrackPlayer,oracle-of-secrets
Oracle_Sprite_Tingle_Draw,$2C:D5F2,Sprites/NPCs/tingle.asm,238,Sprite_Tingle_Draw,oracle-of-secrets
Oracle_Sprite_Vasu_Long,$30:E4B8,Sprites/NPCs/vasu.asm,34,Sprite_Vasu_Long,oracle-of-secrets
Oracle_Sprite_Vasu_Prep,$30:E4D8,Sprites/NPCs/vasu.asm,51,Sprite_Vasu_Prep,oracle-of-secrets
Oracle_Sprite_Vasu_Main,$30:E4EC,Sprites/NPCs/vasu.asm,62,Sprite_Vasu_Main,oracle-of-secrets
Oracle_Vasu_Idle,$30:E501,Sprites/NPCs/vasu.asm,76,Vasu_Idle,oracle-of-secrets
Oracle_Vasu_MessageHandler,$30:E52B,Sprites/NPCs/vasu.asm,85,Vasu_MessageHandler,oracle-of-secrets
Oracle_Vasu_AppraiseRing,$30:E56D,Sprites/NPCs/vasu.asm,103,Vasu_AppraiseRing,oracle-of-secrets
Oracle_Vasu_RingAppraised,$30:E5F3,Sprites/NPCs/vasu.asm,156,Vasu_RingAppraised,oracle-of-secrets
Oracle_Error_Idle,$30:E61B,Sprites/NPCs/vasu.asm,165,Error_Idle,oracle-of-secrets
Oracle_Sprite_Vasu_Draw,$30:E64A,Sprites/NPCs/vasu.asm,176,Sprite_Vasu_Draw,oracle-of-secrets
Oracle_Sprite_Error_Draw,$30:E6D3,Sprites/NPCs/vasu.asm,254,Sprite_Error_Draw,oracle-of-secrets
Oracle_Sprite_VillageDog_Long,$31:A681,Sprites/NPCs/village_dog.asm,35,Sprite_VillageDog_Long,oracle-of-secrets
Oracle_Sprite_VillageDog_Prep,$31:A6A1,Sprites/NPCs/village_dog.asm,52,Sprite_VillageDog_Prep,oracle-of-secrets
Oracle_HandleTossedDog,$31:A6B5,Sprites/NPCs/village_dog.asm,63,HandleTossedDog,oracle-of-secrets
Oracle_LiftOrTalk,$31:A6BE,Sprites/NPCs/village_dog.asm,71,LiftOrTalk,oracle-of-secrets
Oracle_Sprite_VillageDog_Main,$31:A6DD,Sprites/NPCs/village_dog.asm,88,Sprite_VillageDog_Main,oracle-of-secrets
Oracle_Dog_Handler,$31:A6F6,Sprites/NPCs/village_dog.asm,105,Dog_Handler,oracle-of-secrets
Oracle_Dog_LookLeftAtLink,$31:A73B,Sprites/NPCs/village_dog.asm,123,Dog_LookLeftAtLink,oracle-of-secrets
Oracle_Dog_LookRightAtLink,$31:A768,Sprites/NPCs/village_dog.asm,136,Dog_LookRightAtLink,oracle-of-secrets
Oracle_Dog_MoveLeftTowardsLink,$31:A795,Sprites/NPCs/village_dog.asm,149,Dog_MoveLeftTowardsLink,oracle-of-secrets
Oracle_Dog_MoveRightTowardsLink,$31:A7E6,Sprites/NPCs/village_dog.asm,178,Dog_MoveRightTowardsLink,oracle-of-secrets
Oracle_Dog_WagTailLeft,$31:A837,Sprites/NPCs/village_dog.asm,205,Dog_WagTailLeft,oracle-of-secrets
Oracle_Dog_WagTailRight,$31:A862,Sprites/NPCs/village_dog.asm,217,Dog_WagTailRight,oracle-of-secrets
Oracle_EonDog_Handler,$31:A88D,Sprites/NPCs/village_dog.asm,228,EonDog_Handler,oracle-of-secrets
Oracle_EonDog_Right,$31:A8AB,Sprites/NPCs/village_dog.asm,235,EonDog_Right,oracle-of-secrets
Oracle_EonDog_Walk,$31:A8C9,Sprites/NPCs/village_dog.asm,243,EonDog_Walk,oracle-of-secrets
Oracle_CheckIfPlayerIsNearby,$31:A903,Sprites/NPCs/village_dog.asm,261,CheckIfPlayerIsNearby,oracle-of-secrets
Oracle_ShowMessageIfMinish,$31:A938,Sprites/NPCs/village_dog.asm,277,ShowMessageIfMinish,oracle-of-secrets
Oracle_Sprite_VillageDog_Draw,$31:A953,Sprites/NPCs/village_dog.asm,287,Sprite_VillageDog_Draw,oracle-of-secrets
Oracle_Sprite_EonDog_Draw,$31:AB00,Sprites/NPCs/village_dog.asm,419,Sprite_EonDog_Draw,oracle-of-secrets
Oracle_Sprite_VillageElder_Main,$30:8FCD,Sprites/NPCs/village_elder.asm,41,Sprite_VillageElder_Main,oracle-of-secrets
Oracle_Sprite_WindmillGuy_Long,$30:8F45,Sprites/NPCs/windmill_guy.asm,61,Sprite_WindmillGuy_Long,oracle-of-secrets
Oracle_Sprite_WindmillGuy_Prep,$30:8F5C,Sprites/NPCs/windmill_guy.asm,73,Sprite_WindmillGuy_Prep,oracle-of-secrets
Oracle_Sprite_WindmillGuy_Main,$30:8F61,Sprites/NPCs/windmill_guy.asm,80,Sprite_WindmillGuy_Main,oracle-of-secrets
Oracle_Sprite_Zora_Long,$2C:D0D2,Sprites/NPCs/zora.asm,51,Sprite_Zora_Long,oracle-of-secrets
Oracle_Sprite_Zora_Prep,$2C:D12C,Sprites/NPCs/zora.asm,88,Sprite_Zora_Prep,oracle-of-secrets
Oracle_Sprite_Zora_Handler,$2C:D131,Sprites/NPCs/zora.asm,95,Sprite_Zora_Handler,oracle-of-secrets
Oracle_Sprite_Zora_Main,$2C:D148,Sprites/NPCs/zora.asm,111,Sprite_Zora_Main,oracle-of-secrets
Oracle_Zora_Forward,$2C:D15F,Sprites/NPCs/zora.asm,125,Zora_Forward,oracle-of-secrets
Oracle_Zora_Right,$2C:D17A,Sprites/NPCs/zora.asm,131,Zora_Right,oracle-of-secrets
Oracle_Zora_Left,$2C:D195,Sprites/NPCs/zora.asm,137,Zora_Left,oracle-of-secrets
Oracle_Zora_TrackHeadToPlayer,$2C:D1B0,Sprites/NPCs/zora.asm,144,Zora_TrackHeadToPlayer,oracle-of-secrets
Oracle_Zora_HandleDialogue,$2C:D1C3,Sprites/NPCs/zora.asm,154,Zora_HandleDialogue,oracle-of-secrets
Oracle_Sprite_Zora_Draw,$2C:D1EF,Sprites/NPCs/zora.asm,169,Sprite_Zora_Draw,oracle-of-secrets
Oracle_Sprite_ZoraPrincess_Long,$2C:D288,Sprites/NPCs/zora_princess.asm,68,Sprite_ZoraPrincess_Long,oracle-of-secrets
Oracle_Sprite_ZoraPrincess_Prep,$2C:D299,Sprites/NPCs/zora_princess.asm,79,Sprite_ZoraPrincess_Prep,oracle-of-secrets
Oracle_Sprite_ZoraPrincess_Main,$2C:D2B1,Sprites/NPCs/zora_princess.asm,93,Sprite_ZoraPrincess_Main,oracle-of-secrets
Oracle_WaitForLink,$2C:D2C4,Sprites/NPCs/zora_princess.asm,105,WaitForLink,oracle-of-secrets
Oracle_CheckForSongOfHealing,$2C:D2EE,Sprites/NPCs/zora_princess.asm,114,CheckForSongOfHealing,oracle-of-secrets
Oracle_ThanksMessage,$2C:D319,Sprites/NPCs/zora_princess.asm,125,ThanksMessage,oracle-of-secrets
Oracle_GiveZoraMask,$2C:D34B,Sprites/NPCs/zora_princess.asm,136,GiveZoraMask,oracle-of-secrets
Oracle_Sprite_ZoraPrincess_Draw,$2C:D365,Sprites/NPCs/zora_princess.asm,149,Sprite_ZoraPrincess_Draw,oracle-of-secrets
Oracle_Sprite_CloudBridge_Prep,$0D:C98C,Sprites/Objects/cloud_bridge.asm,44,Sprite_CloudBridge_Prep,oracle-of-secrets
Oracle_Sprite_CloudBridge_Long,$0D:C9AF,Sprites/Objects/cloud_bridge.asm,59,Sprite_CloudBridge_Long,oracle-of-secrets
Oracle_CloudBridge_CheckPlayerOn,$0D:C9D7,Sprites/Objects/cloud_bridge.asm,91,CloudBridge_CheckPlayerOn,oracle-of-secrets
Oracle_CloudBridge_XOffsets,$0D:CA0C,Sprites/Objects/cloud_bridge.asm,109,CloudBridge_XOffsets,oracle-of-secrets
Oracle_CloudBridge_YOffsets,$0D:CA18,Sprites/Objects/cloud_bridge.asm,113,CloudBridge_YOffsets,oracle-of-secrets
Oracle_CloudBridge_Chr,$0D:CA24,Sprites/Objects/cloud_bridge.asm,118,CloudBridge_Chr,oracle-of-secrets
Oracle_CloudBridge_Sizes,$0D:CA2A,Sprites/Objects/cloud_bridge.asm,123,CloudBridge_Sizes,oracle-of-secrets
Oracle_CloudBridge_SolidProps,$0D:CA30,Sprites/Objects/cloud_bridge.asm,128,CloudBridge_SolidProps,oracle-of-secrets
Oracle_CloudBridge_FadedProps,$0D:CA36,Sprites/Objects/cloud_bridge.asm,133,CloudBridge_FadedProps,oracle-of-secrets
Oracle_CloudBridge_DrawSolid,$0D:CA3C,Sprites/Objects/cloud_bridge.asm,139,CloudBridge_DrawSolid,oracle-of-secrets
Oracle_CloudBridge_DrawFaded,$0D:CA9A,Sprites/Objects/cloud_bridge.asm,181,CloudBridge_DrawFaded,oracle-of-secrets
Oracle_Sprite_Collectible_Long,$2C:C8E8,Sprites/Objects/collectible.asm,35,Sprite_Collectible_Long,oracle-of-secrets
Oracle_Sprite_Collectible_Prep,$2C:C913,Sprites/Objects/collectible.asm,60,Sprite_Collectible_Prep,oracle-of-secrets
Oracle_Sprite_Collectible_Main,$2C:C937,Sprites/Objects/collectible.asm,79,Sprite_Collectible_Main,oracle-of-secrets
Oracle_Pineapple,$2C:C946,Sprites/Objects/collectible.asm,89,Pineapple,oracle-of-secrets
Oracle_Seashell,$2C:C95D,Sprites/Objects/collectible.asm,99,Seashell,oracle-of-secrets
Oracle_SwordShield,$2C:C974,Sprites/Objects/collectible.asm,109,SwordShield,oracle-of-secrets
Oracle_RockSirloin,$2C:C9A5,Sprites/Objects/collectible.asm,121,RockSirloin,oracle-of-secrets
Oracle_Sprite_Pineapple_Draw,$2C:C9C6,Sprites/Objects/collectible.asm,136,Sprite_Pineapple_Draw,oracle-of-secrets
Oracle_Sprite_SwordShield_Draw,$2C:CA38,Sprites/Objects/collectible.asm,207,Sprite_SwordShield_Draw,oracle-of-secrets
Oracle_Sprite_RockSirloin_Draw,$2C:CABC,Sprites/Objects/collectible.asm,279,Sprite_RockSirloin_Draw,oracle-of-secrets
Oracle_Sprite_DekuLeaf_Long,$31:E9B2,Sprites/Objects/deku_leaf.asm,35,Sprite_DekuLeaf_Long,oracle-of-secrets
Oracle_Sprite_DekuLeaf_Prep,$31:E9CF,Sprites/Objects/deku_leaf.asm,51,Sprite_DekuLeaf_Prep,oracle-of-secrets
Oracle_Sprite_DekuLeaf_Main,$31:E9DF,Sprites/Objects/deku_leaf.asm,61,Sprite_DekuLeaf_Main,oracle-of-secrets
Oracle_WaitForPlayer,$31:E9EA,Sprites/Objects/deku_leaf.asm,69,WaitForPlayer,oracle-of-secrets
Oracle_Whirlpool_Main,$31:EA28,Sprites/Objects/deku_leaf.asm,85,Whirlpool_Main,oracle-of-secrets
Oracle_Sprite_DekuLeaf_Draw,$31:EA93,Sprites/Objects/deku_leaf.asm,121,Sprite_DekuLeaf_Draw,oracle-of-secrets
Oracle_Sprite_Whirlpool_Draw,$31:EB1B,Sprites/Objects/deku_leaf.asm,192,Sprite_Whirlpool_Draw,oracle-of-secrets
Oracle_Sprite_IceBlock_Long,$31:FC9D,Sprites/Objects/ice_block.asm,59,Sprite_IceBlock_Long,oracle-of-secrets
Oracle_Sprite_IceBlock_Prep,$31:FCCC,Sprites/Objects/ice_block.asm,87,Sprite_IceBlock_Prep,oracle-of-secrets
Oracle_Sprite_IceBlock_Main,$31:FCF4,Sprites/Objects/ice_block.asm,104,Sprite_IceBlock_Main,oracle-of-secrets
Oracle_Sprite_ApplyPush,$31:FDC6,Sprites/Objects/ice_block.asm,182,Sprite_ApplyPush,oracle-of-secrets
Oracle_IceBlock_ValidatePushSide,$31:FE0A,Sprites/Objects/ice_block.asm,229,IceBlock_ValidatePushSide,oracle-of-secrets
Oracle_IceBlock_CheckForGround,$31:FE3C,Sprites/Objects/ice_block.asm,269,IceBlock_CheckForGround,oracle-of-secrets
Oracle_Sprite_IceBlock_CheckForSwitch,$31:FE71,Sprites/Objects/ice_block.asm,290,Sprite_IceBlock_CheckForSwitch,oracle-of-secrets
Oracle_Statue_BlockSprites,$31:FEAD,Sprites/Objects/ice_block.asm,317,Statue_BlockSprites,oracle-of-secrets
Oracle_Sprite_IceBlock_Draw,$31:FF1C,Sprites/Objects/ice_block.asm,367,Sprite_IceBlock_Draw,oracle-of-secrets
Oracle_Sprite_Minecart_Long,$31:AB8D,Sprites/Objects/minecart.asm,150,Sprite_Minecart_Long,oracle-of-secrets
Oracle_Sprite_Minecart_Prep,$31:ABA1,Sprites/Objects/minecart.asm,167,Sprite_Minecart_Prep,oracle-of-secrets
Oracle_Sprite_Minecart_Main,$31:ADC9,Sprites/Objects/minecart.asm,313,Sprite_Minecart_Main,oracle-of-secrets
Oracle_Minecart_WaitHoriz,$31:ADDE,Sprites/Objects/minecart.asm,328,Minecart_WaitHoriz,oracle-of-secrets
Oracle_Minecart_WaitVert,$31:AE45,Sprites/Objects/minecart.asm,367,Minecart_WaitVert,oracle-of-secrets
Oracle_Minecart_MoveNorth,$31:AEAA,Sprites/Objects/minecart.asm,406,Minecart_MoveNorth,oracle-of-secrets
Oracle_Minecart_MoveEast,$31:AEEA,Sprites/Objects/minecart.asm,433,Minecart_MoveEast,oracle-of-secrets
Oracle_Minecart_MoveSouth,$31:AF2A,Sprites/Objects/minecart.asm,460,Minecart_MoveSouth,oracle-of-secrets
Oracle_Minecart_MoveWest,$31:AF6A,Sprites/Objects/minecart.asm,487,Minecart_MoveWest,oracle-of-secrets
Oracle_Minecart_Release,$31:AFAA,Sprites/Objects/minecart.asm,514,Minecart_Release,oracle-of-secrets
Oracle_HandlePlayerCameraAndMoveCart,$31:AFD1,Sprites/Objects/minecart.asm,534,HandlePlayerCameraAndMoveCart,oracle-of-secrets
Oracle_StopCart,$31:AFF3,Sprites/Objects/minecart.asm,548,StopCart,oracle-of-secrets
Oracle_InitMovement,$31:B025,Sprites/Objects/minecart.asm,575,InitMovement,oracle-of-secrets
Oracle_Minecart_SetDirectionNorth,$31:B036,Sprites/Objects/minecart.asm,584,Minecart_SetDirectionNorth,oracle-of-secrets
Oracle_Minecart_SetDirectionEast,$31:B06F,Sprites/Objects/minecart.asm,602,Minecart_SetDirectionEast,oracle-of-secrets
Oracle_Minecart_SetDirectionSouth,$31:B0A8,Sprites/Objects/minecart.asm,620,Minecart_SetDirectionSouth,oracle-of-secrets
Oracle_Minecart_SetDirectionWest,$31:B0E1,Sprites/Objects/minecart.asm,638,Minecart_SetDirectionWest,oracle-of-secrets
Oracle_HandleTileDirections,$31:B11A,Sprites/Objects/minecart.asm,658,HandleTileDirections,oracle-of-secrets
Oracle_CheckForOutOfBounds,$31:B186,Sprites/Objects/minecart.asm,716,CheckForOutOfBounds,oracle-of-secrets
Oracle_CheckForStopTiles,$31:B19B,Sprites/Objects/minecart.asm,732,CheckForStopTiles,oracle-of-secrets
Oracle_CheckForPlayerInput,$31:B21F,Sprites/Objects/minecart.asm,819,CheckForPlayerInput,oracle-of-secrets
Oracle_CheckForCornerTiles,$31:B2DB,Sprites/Objects/minecart.asm,924,CheckForCornerTiles,oracle-of-secrets
Oracle_HandleDynamicSwitchTileDirections,$31:B34E,Sprites/Objects/minecart.asm,992,HandleDynamicSwitchTileDirections,oracle-of-secrets
Oracle_CheckTrackSpritePresence,$31:B3E2,Sprites/Objects/minecart.asm,1081,CheckTrackSpritePresence,oracle-of-secrets
Oracle_CheckIfPlayerIsOn,$31:B424,Sprites/Objects/minecart.asm,1110,CheckIfPlayerIsOn,oracle-of-secrets
Oracle_RebuildHUD_Keys,$0D:FA68,Sprites/Objects/minecart.asm,1133,RebuildHUD_Keys,oracle-of-secrets
Oracle_ResetTrackVars,$31:B459,Sprites/Objects/minecart.asm,1140,ResetTrackVars,oracle-of-secrets
Oracle_Minecart_HandleToss,$31:B473,Sprites/Objects/minecart.asm,1163,Minecart_HandleToss,oracle-of-secrets
Oracle_Minecart_HandleTossedCart,$31:B4F2,Sprites/Objects/minecart.asm,1200,Minecart_HandleTossedCart,oracle-of-secrets
Oracle_Minecart_HandleLiftAndToss,$31:B522,Sprites/Objects/minecart.asm,1252,Minecart_HandleLiftAndToss,oracle-of-secrets
Oracle_Sprite_Minecart_DrawTop,$31:B541,Sprites/Objects/minecart.asm,1268,Sprite_Minecart_DrawTop,oracle-of-secrets
Oracle_Sprite_Minecart_DrawBottom,$31:B5F0,Sprites/Objects/minecart.asm,1352,Sprite_Minecart_DrawBottom,oracle-of-secrets
Oracle_RoomTag_ShutterDoorRequiresCart,$31:B69F,Sprites/Objects/minecart.asm,1460,RoomTag_ShutterDoorRequiresCart,oracle-of-secrets
Oracle_Sprite_LeverSwitch_Long,$31:A4E7,Sprites/Objects/mineswitch.asm,37,Sprite_LeverSwitch_Long,oracle-of-secrets
Oracle_Sprite_LeverSwitch_Prep,$31:A4F8,Sprites/Objects/mineswitch.asm,50,Sprite_LeverSwitch_Prep,oracle-of-secrets
Oracle_Sprite_LeverSwitch_Main,$31:A517,Sprites/Objects/mineswitch.asm,69,Sprite_LeverSwitch_Main,oracle-of-secrets
Oracle_SwitchOff,$31:A52A,Sprites/Objects/mineswitch.asm,81,SwitchOff,oracle-of-secrets
Oracle_SwitchOn,$31:A568,Sprites/Objects/mineswitch.asm,99,SwitchOn,oracle-of-secrets
Oracle_SpeedSwitchOff,$31:A5A6,Sprites/Objects/mineswitch.asm,117,SpeedSwitchOff,oracle-of-secrets
Oracle_SpeedSwitchOn,$31:A5D5,Sprites/Objects/mineswitch.asm,128,SpeedSwitchOn,oracle-of-secrets
Oracle_Sprite_LeverSwitch_Draw,$31:A603,Sprites/Objects/mineswitch.asm,142,Sprite_LeverSwitch_Draw,oracle-of-secrets
Oracle_CheckForBook,$30:EE11,Sprites/Objects/pedestal.asm,13,CheckForBook,oracle-of-secrets
Oracle_PedestalPlaque,$30:EE41,Sprites/Objects/pedestal.asm,34,PedestalPlaque,oracle-of-secrets
Oracle_Sprite_Portal_Long,$31:EBD5,Sprites/Objects/portal_sprite.asm,34,Sprite_Portal_Long,oracle-of-secrets
Oracle_Sprite_Portal_Prep,$31:EBE6,Sprites/Objects/portal_sprite.asm,45,Sprite_Portal_Prep,oracle-of-secrets
Oracle_Sprite_Portal_Main,$31:EC00,Sprites/Objects/portal_sprite.asm,73,Sprite_Portal_Main,oracle-of-secrets
Oracle_StateHandler,$31:EC15,Sprites/Objects/portal_sprite.asm,88,StateHandler,oracle-of-secrets
Oracle_BluePortal,$31:EC61,Sprites/Objects/portal_sprite.asm,111,BluePortal,oracle-of-secrets
Oracle_OrangePortal,$31:ECB4,Sprites/Objects/portal_sprite.asm,136,OrangePortal,oracle-of-secrets
Oracle_BluePortal_WarpDungeon,$31:ED07,Sprites/Objects/portal_sprite.asm,162,BluePortal_WarpDungeon,oracle-of-secrets
Oracle_OrangePortal_WarpDungeon,$31:ED58,Sprites/Objects/portal_sprite.asm,186,OrangePortal_WarpDungeon,oracle-of-secrets
Oracle_BluePortal_WarpOverworld,$31:EDA9,Sprites/Objects/portal_sprite.asm,211,BluePortal_WarpOverworld,oracle-of-secrets
Oracle_OrangePortal_WarpOverworld,$31:EDE8,Sprites/Objects/portal_sprite.asm,233,OrangePortal_WarpOverworld,oracle-of-secrets
Oracle_CheckForDismissPortal,$31:EE27,Sprites/Objects/portal_sprite.asm,257,CheckForDismissPortal,oracle-of-secrets
Oracle_RejectOnTileCollision,$31:EE51,Sprites/Objects/portal_sprite.asm,279,RejectOnTileCollision,oracle-of-secrets
Oracle_Sprite_Portal_Draw,$31:EE89,Sprites/Objects/portal_sprite.asm,302,Sprite_Portal_Draw,oracle-of-secrets
Oracle_Sprite_RotatingTrack_Long,$31:A3D5,Sprites/Objects/switch_track.asm,34,Sprite_RotatingTrack_Long,oracle-of-secrets
Oracle_Sprite_RotatingTrack_Prep,$31:A3E6,Sprites/Objects/switch_track.asm,45,Sprite_RotatingTrack_Prep,oracle-of-secrets
Oracle_Sprite_RotatingTrack_Main,$31:A41A,Sprites/Objects/switch_track.asm,78,Sprite_RotatingTrack_Main,oracle-of-secrets
Oracle_TopLeftToTopRight,$31:A42D,Sprites/Objects/switch_track.asm,92,TopLeftToTopRight,oracle-of-secrets
Oracle_BottomLeftToTopLeft,$31:A43E,Sprites/Objects/switch_track.asm,103,BottomLeftToTopLeft,oracle-of-secrets
Oracle_TopRightToBottomRight,$31:A44F,Sprites/Objects/switch_track.asm,114,TopRightToBottomRight,oracle-of-secrets
Oracle_BottomRightToBottomLeft,$31:A460,Sprites/Objects/switch_track.asm,125,BottomRightToBottomLeft,oracle-of-secrets
Oracle_Sprite_RotatingTrack_Draw,$31:A471,Sprites/Objects/switch_track.asm,136,Sprite_RotatingTrack_Draw,oracle-of-secrets
Oracle_ApplyLinksMovementToCamera,$07:E9D3,Sprites/Project Files/camera_code.asm,52,ApplyLinksMovementToCamera,oracle-of-secrets
Oracle_DontTeleportWithoutFlippers,$30:EE6B,Sprites/all_sprites.asm,110,DontTeleportWithoutFlippers,oracle-of-secrets
Oracle_PutRollerBeneathLink,$30:EE77,Sprites/all_sprites.asm,119,PutRollerBeneathLink,oracle-of-secrets
Oracle_Graphics_Transfer,$30:EE80,Sprites/all_sprites.asm,127,Graphics_Transfer,oracle-of-secrets
SheetsTable_0AA4,$00:D8F4,Util/ZScreamNew/ZSCustomOverworld.asm,728,SheetsTable_0AA4,oracle-of-secrets
